STATION,NAME,DATE,AWND,PGTM,PRCP,SNOW,SNWD,TAVG,TMAX,TMIN,WDF2,WDF5,WESD,WESF,WSF2,WSF5,WT01,WT02,WT03,WT05,WT08
US1GADK0001,"TUCKER 1.3 ENE, GA US",1/1/17,,,0.3,,,,,,,,,,,,,,,,
US1GADK0001,"TUCKER 1.3 ENE, GA US",1/2/17,,,0.76,,,,,,,,,,,,,,,,
US1GADK0001,"TUCKER 1.3 ENE, GA US",1/3/17,,,2.22,,,,,,,,,,,,,,,,
US1GADK0001,"TUCKER 1.3 ENE, GA US",1/4/17,,,0.01,,,,,,,,,,,,,,,,
US1GADK0001,"TUCKER 1.3 ENE, GA US",1/5/17,,,0,0,,,,,,,,,,,,,,,
US1GADK0001,"TUCKER 1.3 ENE, GA US",1/6/17,,,0,,,,,,,,,,,,,,,,
US1GADK0001,"TUCKER 1.3 ENE, GA US",1/7/17,,,0.52,0.1,0,,,,,,0.5,0.4,,,,,,,
US1GADK0001,"TUCKER 1.3 ENE, GA US",1/8/17,,,0,0,,,,,,,,,,,,,,,
US1GADK0001,"TUCKER 1.3 ENE, GA US",1/9/17,,,0,0,,,,,,,,,,,,,,,
US1GADK0001,"TUCKER 1.3 ENE, GA US",1/10/17,,,0,0,,,,,,,,,,,,,,,
US1GADK0001,"TUCKER 1.3 ENE, GA US",1/11/17,,,0,,,,,,,,,,,,,,,,
US1GADK0001,"TUCKER 1.3 ENE, GA US",1/12/17,,,0,,,,,,,,,,,,,,,,
US1GADK0001,"TUCKER 1.3 ENE, GA US",1/13/17,,,0,0,,,,,,,,,,,,,,,
US1GADK0001,"TUCKER 1.3 ENE, GA US",1/14/17,,,0,0,,,,,,,,,,,,,,,
US1GADK0001,"TUCKER 1.3 ENE, GA US",1/15/17,,,0,0,,,,,,,,,,,,,,,
US1GADK0001,"TUCKER 1.3 ENE, GA US",1/16/17,,,0,0,,,,,,,,,,,,,,,
US1GADK0001,"TUCKER 1.3 ENE, GA US",1/17/17,,,0,,,,,,,,,,,,,,,,
US1GADK0001,"TUCKER 1.3 ENE, GA US",1/18/17,,,0,,,,,,,,,,,,,,,,
US1GADK0001,"TUCKER 1.3 ENE, GA US",1/19/17,,,0,,,,,,,,,,,,,,,,
US1GADK0001,"TUCKER 1.3 ENE, GA US",1/20/17,,,0.41,,,,,,,,,,,,,,,,
US1GADK0001,"TUCKER 1.3 ENE, GA US",1/21/17,,,0,,,,,,,,,,,,,,,,
US1GADK0001,"TUCKER 1.3 ENE, GA US",1/22/17,,,2.91,,,,,,,,,,,,,,,,
US1GADK0001,"TUCKER 1.3 ENE, GA US",1/23/17,,,0.97,,,,,,,,,,,,,,,,
US1GADK0001,"TUCKER 1.3 ENE, GA US",1/24/17,,,0,,,,,,,,,,,,,,,,
US1GADK0001,"TUCKER 1.3 ENE, GA US",1/25/17,,,0,0,,,,,,,,,,,,,,,
US1GADK0001,"TUCKER 1.3 ENE, GA US",1/26/17,,,0.1,,,,,,,,,,,,,,,,
US1GADK0001,"TUCKER 1.3 ENE, GA US",1/27/17,,,0,0,,,,,,,,,,,,,,,
US1GADK0001,"TUCKER 1.3 ENE, GA US",1/28/17,,,0,0,,,,,,,,,,,,,,,
US1GADK0001,"TUCKER 1.3 ENE, GA US",1/30/17,,,0,,,,,,,,,,,,,,,,
US1GADK0001,"TUCKER 1.3 ENE, GA US",1/31/17,,,0,0,,,,,,,,,,,,,,,
US1GADK0045,"AVONDALE ESTATES 0.4 ESE, GA US",1/8/17,,,0,0,,,,,,,,,,,,,,,
US1GADK0045,"AVONDALE ESTATES 0.4 ESE, GA US",1/9/17,,,0,0,,,,,,,,,,,,,,,
US1GADK0045,"AVONDALE ESTATES 0.4 ESE, GA US",1/10/17,,,0,0,,,,,,,,,,,,,,,
US1GADK0045,"AVONDALE ESTATES 0.4 ESE, GA US",1/11/17,,,0,0,,,,,,,,,,,,,,,
US1GADK0045,"AVONDALE ESTATES 0.4 ESE, GA US",1/12/17,,,0,0,,,,,,,,,,,,,,,
US1GADK0045,"AVONDALE ESTATES 0.4 ESE, GA US",1/13/17,,,0,0,,,,,,,,,,,,,,,
US1GADK0045,"AVONDALE ESTATES 0.4 ESE, GA US",1/14/17,,,0,0,,,,,,,,,,,,,,,
US1GADK0045,"AVONDALE ESTATES 0.4 ESE, GA US",1/15/17,,,0,0,,,,,,,,,,,,,,,
US1GADK0045,"AVONDALE ESTATES 0.4 ESE, GA US",1/16/17,,,0,0,,,,,,,,,,,,,,,
US1GADK0045,"AVONDALE ESTATES 0.4 ESE, GA US",1/17/17,,,0,0,,,,,,,,,,,,,,,
US1GADK0045,"AVONDALE ESTATES 0.4 ESE, GA US",1/18/17,,,0,0,,,,,,,,,,,,,,,
US1GADK0045,"AVONDALE ESTATES 0.4 ESE, GA US",1/19/17,,,0,0,,,,,,,,,,,,,,,
US1GADK0045,"AVONDALE ESTATES 0.4 ESE, GA US",1/20/17,,,0.42,,,,,,,,,,,,,,,,
US1GADK0045,"AVONDALE ESTATES 0.4 ESE, GA US",1/21/17,,,2.1,,,,,,,,,,,,,,,,
US1GADK0045,"AVONDALE ESTATES 0.4 ESE, GA US",1/22/17,,,1.01,,,,,,,,,,,,,,,,
US1GADK0045,"AVONDALE ESTATES 0.4 ESE, GA US",1/23/17,,,0.82,,,,,,,,,,,,,,,,
US1GADK0045,"AVONDALE ESTATES 0.4 ESE, GA US",1/26/17,,,0.16,,,,,,,,,,,,,,,,
US1GADK0002,"TUCKER 2.3 W, GA US",1/1/17,,,0.35,,,,,,,,,,,,,,,,
US1GADK0002,"TUCKER 2.3 W, GA US",1/2/17,,,0.63,,,,,,,,,,,,,,,,
US1GADK0002,"TUCKER 2.3 W, GA US",1/3/17,,,1.84,,,,,,,,,,,,,,,,
US1GADK0002,"TUCKER 2.3 W, GA US",1/4/17,,,0.01,,,,,,,,,,,,,,,,
US1GADK0002,"TUCKER 2.3 W, GA US",1/5/17,,,0,0,,,,,,,,,,,,,,,
US1GADK0002,"TUCKER 2.3 W, GA US",1/6/17,,,0,0,,,,,,,,,,,,,,,
US1GADK0002,"TUCKER 2.3 W, GA US",1/7/17,,,0.56,0,,,,,,,,,,,,,,,
US1GADK0002,"TUCKER 2.3 W, GA US",1/8/17,,,0,0,,,,,,,,,,,,,,,
US1GADK0002,"TUCKER 2.3 W, GA US",1/9/17,,,0,0,,,,,,,,,,,,,,,
US1GADK0002,"TUCKER 2.3 W, GA US",1/10/17,,,0,0,,,,,,,,,,,,,,,
US1GADK0002,"TUCKER 2.3 W, GA US",1/11/17,,,0,,,,,,,,,,,,,,,,
US1GADK0002,"TUCKER 2.3 W, GA US",1/12/17,,,0,0,,,,,,,,,,,,,,,
US1GADK0002,"TUCKER 2.3 W, GA US",1/13/17,,,0,0,,,,,,,,,,,,,,,
US1GADK0002,"TUCKER 2.3 W, GA US",1/14/17,,,0,0,,,,,,,,,,,,,,,
US1GADK0002,"TUCKER 2.3 W, GA US",1/15/17,,,0,0,,,,,,,,,,,,,,,
US1GADK0002,"TUCKER 2.3 W, GA US",1/16/17,,,0,0,,,,,,,,,,,,,,,
US1GADK0002,"TUCKER 2.3 W, GA US",1/17/17,,,0,,,,,,,,,,,,,,,,
US1GADK0002,"TUCKER 2.3 W, GA US",1/18/17,,,0,0,,,,,,,,,,,,,,,
US1GADK0002,"TUCKER 2.3 W, GA US",1/19/17,,,0,0,,,,,,,,,,,,,,,
US1GADK0002,"TUCKER 2.3 W, GA US",1/20/17,,,0.46,,,,,,,,,,,,,,,,
US1GADK0002,"TUCKER 2.3 W, GA US",1/21/17,,,0.03,,,,,,,,,,,,,,,,
US1GADK0002,"TUCKER 2.3 W, GA US",1/22/17,,,2.24,,,,,,,,,,,,,,,,
US1GADK0002,"TUCKER 2.3 W, GA US",1/23/17,,,0.49,,,,,,,,,,,,,,,,
US1GADK0002,"TUCKER 2.3 W, GA US",1/24/17,,,0.01,,,,,,,,,,,,,,,,
US1GADK0002,"TUCKER 2.3 W, GA US",1/25/17,,,0,0,,,,,,,,,,,,,,,
US1GADK0002,"TUCKER 2.3 W, GA US",1/26/17,,,0.1,,,,,,,,,,,,,,,,
US1GADK0002,"TUCKER 2.3 W, GA US",1/27/17,,,0,0,,,,,,,,,,,,,,,
US1GADK0002,"TUCKER 2.3 W, GA US",1/28/17,,,0,0,,,,,,,,,,,,,,,
US1GADK0002,"TUCKER 2.3 W, GA US",1/29/17,,,0,0,,,,,,,,,,,,,,,
US1GADK0002,"TUCKER 2.3 W, GA US",1/30/17,,,0,,,,,,,,,,,,,,,,
US1GADK0002,"TUCKER 2.3 W, GA US",1/31/17,,,0,0,,,,,,,,,,,,,,,
US1GAFT0037,"ATLANTA 3.2 S, GA US",1/1/17,,,0.84,,,,,,,,,,,,,,,,
US1GAFT0037,"ATLANTA 3.2 S, GA US",1/2/17,,,0.28,,,,,,,,,,,,,,,,
US1GAFT0037,"ATLANTA 3.2 S, GA US",1/3/17,,,2.12,,,,,,,,,,,,,,,,
US1GAFT0037,"ATLANTA 3.2 S, GA US",1/4/17,,,0,0,,,,,,,,,,,,,,,
US1GAFT0037,"ATLANTA 3.2 S, GA US",1/5/17,,,0.02,,,,,,,,,,,,,,,,
US1GAFT0037,"ATLANTA 3.2 S, GA US",1/6/17,,,0,0,,,,,,,,,,,,,,,
US1GAFT0037,"ATLANTA 3.2 S, GA US",1/7/17,,,0.61,,,,,,,,,,,,,,,,
US1GAFT0037,"ATLANTA 3.2 S, GA US",1/8/17,,,0,0,,,,,,,,,,,,,,,
US1GAFT0037,"ATLANTA 3.2 S, GA US",1/9/17,,,0,0,,,,,,,,,,,,,,,
US1GAFT0037,"ATLANTA 3.2 S, GA US",1/10/17,,,0,0,,,,,,,,,,,,,,,
US1GAFT0037,"ATLANTA 3.2 S, GA US",1/11/17,,,0,0,,,,,,,,,,,,,,,
US1GAFT0037,"ATLANTA 3.2 S, GA US",1/12/17,,,0,0,,,,,,,,,,,,,,,
US1GAFT0037,"ATLANTA 3.2 S, GA US",1/13/17,,,0,0,,,,,,,,,,,,,,,
US1GAFT0037,"ATLANTA 3.2 S, GA US",1/14/17,,,0,0,,,,,,,,,,,,,,,
US1GAFT0037,"ATLANTA 3.2 S, GA US",1/15/17,,,0,0,,,,,,,,,,,,,,,
US1GAFT0037,"ATLANTA 3.2 S, GA US",1/16/17,,,0,0,,,,,,,,,,,,,,,
US1GAFT0037,"ATLANTA 3.2 S, GA US",1/17/17,,,0,0,,,,,,,,,,,,,,,
US1GAFT0037,"ATLANTA 3.2 S, GA US",1/18/17,,,0,0,,,,,,,,,,,,,,,
US1GAFT0037,"ATLANTA 3.2 S, GA US",1/19/17,,,0,0,,,,,,,,,,,,,,,
US1GAFT0037,"ATLANTA 3.2 S, GA US",1/20/17,,,0.42,,,,,,,,,,,,,,,,
US1GAFT0037,"ATLANTA 3.2 S, GA US",1/21/17,,,0.03,,,,,,,,,,,,,,,,
US1GAFT0037,"ATLANTA 3.2 S, GA US",1/22/17,,,2.93,,,,,,,,,,,,,,,,
US1GAFT0037,"ATLANTA 3.2 S, GA US",1/23/17,,,0.46,,,,,,,,,,,,,,,,
US1GAFT0037,"ATLANTA 3.2 S, GA US",1/24/17,,,0,0,,,,,,,,,,,,,,,
US1GAFT0037,"ATLANTA 3.2 S, GA US",1/25/17,,,0,0,,,,,,,,,,,,,,,
US1GAFT0037,"ATLANTA 3.2 S, GA US",1/26/17,,,0.16,,,,,,,,,,,,,,,,
US1GAFT0037,"ATLANTA 3.2 S, GA US",1/27/17,,,0,0,,,,,,,,,,,,,,,
US1GAFT0037,"ATLANTA 3.2 S, GA US",1/28/17,,,0,0,,,,,,,,,,,,,,,
US1GAFT0037,"ATLANTA 3.2 S, GA US",1/29/17,,,0,0,,,,,,,,,,,,,,,
US1GAFT0037,"ATLANTA 3.2 S, GA US",1/30/17,,,0,0,,,,,,,,,,,,,,,
US1GAFT0037,"ATLANTA 3.2 S, GA US",1/31/17,,,0,0,,,,,,,,,,,,,,,
US1GADK0009,"NORTH DECATUR 2.6 N, GA US",1/1/17,,,0.35,,,,,,,,,,,,,,,,
US1GADK0009,"NORTH DECATUR 2.6 N, GA US",1/2/17,,,0.62,,,,,,,,,,,,,,,,
US1GADK0009,"NORTH DECATUR 2.6 N, GA US",1/3/17,,,1.86,,,,,,,,,,,,,,,,
US1GADK0009,"NORTH DECATUR 2.6 N, GA US",1/4/17,,,0,,,,,,,,,,,,,,,,
US1GADK0009,"NORTH DECATUR 2.6 N, GA US",1/5/17,,,0,0,,,,,,,,,,,,,,,
US1GADK0009,"NORTH DECATUR 2.6 N, GA US",1/6/17,,,0,0,,,,,,,,,,,,,,,
US1GADK0009,"NORTH DECATUR 2.6 N, GA US",1/7/17,,,0.6,0,,,,,,,,,,,,,,,
US1GADK0009,"NORTH DECATUR 2.6 N, GA US",1/8/17,,,0,0,,,,,,,,,,,,,,,
US1GADK0009,"NORTH DECATUR 2.6 N, GA US",1/9/17,,,0,0,,,,,,,,,,,,,,,
US1GADK0009,"NORTH DECATUR 2.6 N, GA US",1/10/17,,,0,0,,,,,,,,,,,,,,,
US1GADK0009,"NORTH DECATUR 2.6 N, GA US",1/11/17,,,0,0,,,,,,,,,,,,,,,
US1GADK0009,"NORTH DECATUR 2.6 N, GA US",1/12/17,,,0,0,,,,,,,,,,,,,,,
US1GADK0009,"NORTH DECATUR 2.6 N, GA US",1/13/17,,,0,0,,,,,,,,,,,,,,,
US1GADK0009,"NORTH DECATUR 2.6 N, GA US",1/14/17,,,0,0,,,,,,,,,,,,,,,
US1GADK0009,"NORTH DECATUR 2.6 N, GA US",1/15/17,,,0,0,,,,,,,,,,,,,,,
US1GADK0009,"NORTH DECATUR 2.6 N, GA US",1/16/17,,,0,0,,,,,,,,,,,,,,,
US1GADK0009,"NORTH DECATUR 2.6 N, GA US",1/17/17,,,0,0,,,,,,,,,,,,,,,
US1GADK0009,"NORTH DECATUR 2.6 N, GA US",1/18/17,,,0,0,,,,,,,,,,,,,,,
US1GADK0009,"NORTH DECATUR 2.6 N, GA US",1/19/17,,,0,0,,,,,,,,,,,,,,,
US1GADK0009,"NORTH DECATUR 2.6 N, GA US",1/20/17,,,0.4,,,,,,,,,,,,,,,,
US1GADK0009,"NORTH DECATUR 2.6 N, GA US",1/21/17,,,0.01,,,,,,,,,,,,,,,,
US1GADK0009,"NORTH DECATUR 2.6 N, GA US",1/22/17,,,2.49,,,,,,,,,,,,,,,,
US1GADK0009,"NORTH DECATUR 2.6 N, GA US",1/23/17,,,0.51,,,,,,,,,,,,,,,,
US1GADK0009,"NORTH DECATUR 2.6 N, GA US",1/24/17,,,0,,,,,,,,,,,,,,,,
US1GADK0009,"NORTH DECATUR 2.6 N, GA US",1/25/17,,,0,0,,,,,,,,,,,,,,,
US1GADK0009,"NORTH DECATUR 2.6 N, GA US",1/26/17,,,0.07,,,,,,,,,,,,,,,,
US1GADK0009,"NORTH DECATUR 2.6 N, GA US",1/27/17,,,0,0,,,,,,,,,,,,,,,
US1GADK0009,"NORTH DECATUR 2.6 N, GA US",1/28/17,,,0,0,,,,,,,,,,,,,,,
US1GADK0009,"NORTH DECATUR 2.6 N, GA US",1/29/17,,,0,0,,,,,,,,,,,,,,,
US1GADK0009,"NORTH DECATUR 2.6 N, GA US",1/30/17,,,0,,,,,,,,,,,,,,,,
US1GADK0009,"NORTH DECATUR 2.6 N, GA US",1/31/17,,,0,0,,,,,,,,,,,,,,,
US1GAHY0007,"ELLENWOOD 2.5 NE, GA US",1/1/17,,,0.36,,,,,,,,,,,,,,,,
US1GAHY0007,"ELLENWOOD 2.5 NE, GA US",1/2/17,,,0.66,,,,,,,,,,,,,,,,
US1GAHY0007,"ELLENWOOD 2.5 NE, GA US",1/3/17,,,1.93,,,,,,,,,,,,,,,,
US1GAHY0007,"ELLENWOOD 2.5 NE, GA US",1/4/17,,,0,0,,,,,,,,,,,,,,,
US1GAHY0007,"ELLENWOOD 2.5 NE, GA US",1/6/17,,,0,0,,,,,,,,,,,,,,,
US1GAHY0007,"ELLENWOOD 2.5 NE, GA US",1/7/17,,,0.68,,,,,,,,,,,,,,,,
US1GAHY0007,"ELLENWOOD 2.5 NE, GA US",1/8/17,,,0,0,,,,,,,,,,,,,,,
US1GAHY0007,"ELLENWOOD 2.5 NE, GA US",1/9/17,,,0,0,,,,,,,,,,,,,,,
US1GAHY0007,"ELLENWOOD 2.5 NE, GA US",1/10/17,,,0,0,,,,,,,,,,,,,,,
US1GAHY0007,"ELLENWOOD 2.5 NE, GA US",1/11/17,,,0,0,,,,,,,,,,,,,,,
US1GAHY0007,"ELLENWOOD 2.5 NE, GA US",1/12/17,,,0,0,,,,,,,,,,,,,,,
US1GAHY0007,"ELLENWOOD 2.5 NE, GA US",1/13/17,,,0,0,,,,,,,,,,,,,,,
US1GAHY0007,"ELLENWOOD 2.5 NE, GA US",1/14/17,,,0,0,,,,,,,,,,,,,,,
US1GAHY0007,"ELLENWOOD 2.5 NE, GA US",1/15/17,,,0,0,,,,,,,,,,,,,,,
US1GAHY0007,"ELLENWOOD 2.5 NE, GA US",1/16/17,,,0,0,,,,,,,,,,,,,,,
US1GAHY0007,"ELLENWOOD 2.5 NE, GA US",1/17/17,,,0,0,,,,,,,,,,,,,,,
US1GAHY0007,"ELLENWOOD 2.5 NE, GA US",1/18/17,,,0,0,,,,,,,,,,,,,,,
US1GAHY0007,"ELLENWOOD 2.5 NE, GA US",1/19/17,,,0,0,,,,,,,,,,,,,,,
US1GAHY0007,"ELLENWOOD 2.5 NE, GA US",1/20/17,,,0.24,0,,,,,,,,,,,,,,,
US1GAHY0007,"ELLENWOOD 2.5 NE, GA US",1/21/17,,,0.02,,,,,,,,,,,,,,,,
US1GAHY0007,"ELLENWOOD 2.5 NE, GA US",1/22/17,,,3.15,,,,,,,,,,,,,,,,
US1GAHY0007,"ELLENWOOD 2.5 NE, GA US",1/23/17,,,0.56,,,,,,,,,,,,,,,,
US1GAHY0007,"ELLENWOOD 2.5 NE, GA US",1/24/17,,,0,0,,,,,,,,,,,,,,,
US1GAHY0007,"ELLENWOOD 2.5 NE, GA US",1/25/17,,,0,0,,,,,,,,,,,,,,,
US1GAHY0007,"ELLENWOOD 2.5 NE, GA US",1/26/17,,,0.2,,,,,,,,,,,,,,,,
US1GAHY0007,"ELLENWOOD 2.5 NE, GA US",1/27/17,,,0,0,,,,,,,,,,,,,,,
US1GAHY0007,"ELLENWOOD 2.5 NE, GA US",1/29/17,,,0,0,,,,,,,,,,,,,,,
US1GAHY0007,"ELLENWOOD 2.5 NE, GA US",1/30/17,,,0,0,,,,,,,,,,,,,,,
US1GAHY0007,"ELLENWOOD 2.5 NE, GA US",1/31/17,,,0,0,,,,,,,,,,,,,,,
US1GADK0028,"ATLANTA 3.5 ENE, GA US",1/1/17,,,0.32,,,,,,,,,,,,,,,,
US1GADK0028,"ATLANTA 3.5 ENE, GA US",1/2/17,,,0.81,,,,,,,,,,,,,,,,
US1GADK0028,"ATLANTA 3.5 ENE, GA US",1/3/17,,,2.04,,,,,,,,,,,,,,,,
US1GADK0028,"ATLANTA 3.5 ENE, GA US",1/4/17,,,0,,,,,,,,,,,,,,,,
US1GADK0028,"ATLANTA 3.5 ENE, GA US",1/5/17,,,0,,,,,,,,,,,,,,,,
US1GADK0028,"ATLANTA 3.5 ENE, GA US",1/6/17,,,0,,,,,,,,,,,,,,,,
US1GADK0028,"ATLANTA 3.5 ENE, GA US",1/7/17,,,0.62,,,,,,,,,,,,,,,,
US1GADK0028,"ATLANTA 3.5 ENE, GA US",1/8/17,,,0,,,,,,,,,,,,,,,,
US1GADK0028,"ATLANTA 3.5 ENE, GA US",1/9/17,,,0,,,,,,,,,,,,,,,,
US1GADK0028,"ATLANTA 3.5 ENE, GA US",1/10/17,,,0,,,,,,,,,,,,,,,,
US1GADK0028,"ATLANTA 3.5 ENE, GA US",1/11/17,,,0,,,,,,,,,,,,,,,,
US1GADK0028,"ATLANTA 3.5 ENE, GA US",1/12/17,,,0,,,,,,,,,,,,,,,,
US1GADK0028,"ATLANTA 3.5 ENE, GA US",1/13/17,,,0,,,,,,,,,,,,,,,,
US1GADK0028,"ATLANTA 3.5 ENE, GA US",1/14/17,,,0,,,,,,,,,,,,,,,,
US1GADK0028,"ATLANTA 3.5 ENE, GA US",1/15/17,,,0,,,,,,,,,,,,,,,,
US1GADK0028,"ATLANTA 3.5 ENE, GA US",1/16/17,,,0,,,,,,,,,,,,,,,,
US1GADK0028,"ATLANTA 3.5 ENE, GA US",1/17/17,,,0,,,,,,,,,,,,,,,,
US1GADK0028,"ATLANTA 3.5 ENE, GA US",1/18/17,,,0,,,,,,,,,,,,,,,,
US1GADK0028,"ATLANTA 3.5 ENE, GA US",1/19/17,,,0,,,,,,,,,,,,,,,,
US1GADK0028,"ATLANTA 3.5 ENE, GA US",1/20/17,,,0.41,,,,,,,,,,,,,,,,
US1GADK0028,"ATLANTA 3.5 ENE, GA US",1/21/17,,,0.03,,,,,,,,,,,,,,,,
US1GADK0028,"ATLANTA 3.5 ENE, GA US",1/22/17,,,2.79,,,,,,,,,,,,,,,,
US1GADK0028,"ATLANTA 3.5 ENE, GA US",1/23/17,,,0.45,,,,,,,,,,,,,,,,
US1GADK0028,"ATLANTA 3.5 ENE, GA US",1/24/17,,,0,,,,,,,,,,,,,,,,
US1GADK0028,"ATLANTA 3.5 ENE, GA US",1/25/17,,,0,,,,,,,,,,,,,,,,
US1GADK0028,"ATLANTA 3.5 ENE, GA US",1/26/17,,,0.15,,,,,,,,,,,,,,,,
US1GADK0028,"ATLANTA 3.5 ENE, GA US",1/27/17,,,0,,,,,,,,,,,,,,,,
US1GADK0028,"ATLANTA 3.5 ENE, GA US",1/28/17,,,0,,,,,,,,,,,,,,,,
US1GADK0028,"ATLANTA 3.5 ENE, GA US",1/29/17,,,0,,,,,,,,,,,,,,,,
US1GADK0028,"ATLANTA 3.5 ENE, GA US",1/30/17,,,0,,,,,,,,,,,,,,,,
US1GADK0028,"ATLANTA 3.5 ENE, GA US",1/31/17,,,0,,,,,,,,,,,,,,,,
US1GADK0007,"NORTH DECATUR 3.0 NNE, GA US",1/1/17,,,0.33,,,,,,,,,,,,,,,,
US1GADK0007,"NORTH DECATUR 3.0 NNE, GA US",1/2/17,,,0.66,,,,,,,,,,,,,,,,
US1GADK0007,"NORTH DECATUR 3.0 NNE, GA US",1/3/17,,,2.01,,,,,,,,,,,,,,,,
US1GADK0007,"NORTH DECATUR 3.0 NNE, GA US",1/4/17,,,0,0,,,,,,,,,,,,,,,
US1GADK0007,"NORTH DECATUR 3.0 NNE, GA US",1/5/17,,,0,0,,,,,,,,,,,,,,,
US1GADK0007,"NORTH DECATUR 3.0 NNE, GA US",1/6/17,,,0,0,,,,,,,,,,,,,,,
US1GADK0007,"NORTH DECATUR 3.0 NNE, GA US",1/7/17,,,0.68,0,,,,,,,,,,,,,,,
US1GADK0007,"NORTH DECATUR 3.0 NNE, GA US",1/8/17,,,0,0,,,,,,,,,,,,,,,
US1GADK0007,"NORTH DECATUR 3.0 NNE, GA US",1/9/17,,,0,0,,,,,,,,,,,,,,,
US1GADK0007,"NORTH DECATUR 3.0 NNE, GA US",1/10/17,,,0,0,,,,,,,,,,,,,,,
US1GADK0007,"NORTH DECATUR 3.0 NNE, GA US",1/11/17,,,0,,,,,,,,,,,,,,,,
US1GADK0007,"NORTH DECATUR 3.0 NNE, GA US",1/12/17,,,0,0,,,,,,,,,,,,,,,
US1GADK0007,"NORTH DECATUR 3.0 NNE, GA US",1/13/17,,,0,0,,,,,,,,,,,,,,,
US1GADK0007,"NORTH DECATUR 3.0 NNE, GA US",1/14/17,,,0,0,,,,,,,,,,,,,,,
US1GADK0007,"NORTH DECATUR 3.0 NNE, GA US",1/15/17,,,0,0,,,,,,,,,,,,,,,
US1GADK0007,"NORTH DECATUR 3.0 NNE, GA US",1/16/17,,,0,0,,,,,,,,,,,,,,,
US1GADK0007,"NORTH DECATUR 3.0 NNE, GA US",1/17/17,,,0,,,,,,,,,,,,,,,,
US1GADK0007,"NORTH DECATUR 3.0 NNE, GA US",1/18/17,,,0,0,,,,,,,,,,,,,,,
US1GADK0007,"NORTH DECATUR 3.0 NNE, GA US",1/19/17,,,0,0,,,,,,,,,,,,,,,
US1GADK0007,"NORTH DECATUR 3.0 NNE, GA US",1/20/17,,,0.47,,,,,,,,,,,,,,,,
US1GADK0007,"NORTH DECATUR 3.0 NNE, GA US",1/21/17,,,0.02,,,,,,,,,,,,,,,,
US1GADK0007,"NORTH DECATUR 3.0 NNE, GA US",1/22/17,,,2.88,,,,,,,,,,,,,,,,
US1GADK0007,"NORTH DECATUR 3.0 NNE, GA US",1/23/17,,,0.52,,,,,,,,,,,,,,,,
US1GADK0007,"NORTH DECATUR 3.0 NNE, GA US",1/24/17,,,0,,,,,,,,,,,,,,,,
US1GADK0007,"NORTH DECATUR 3.0 NNE, GA US",1/25/17,,,0,0,,,,,,,,,,,,,,,
US1GADK0007,"NORTH DECATUR 3.0 NNE, GA US",1/26/17,,,0.09,,,,,,,,,,,,,,,,
US1GADK0007,"NORTH DECATUR 3.0 NNE, GA US",1/27/17,,,0,0,,,,,,,,,,,,,,,
US1GADK0007,"NORTH DECATUR 3.0 NNE, GA US",1/28/17,,,0,0,,,,,,,,,,,,,,,
US1GADK0007,"NORTH DECATUR 3.0 NNE, GA US",1/29/17,,,0,0,,,,,,,,,,,,,,,
US1GADK0007,"NORTH DECATUR 3.0 NNE, GA US",1/30/17,,,0,0,,,,,,,,,,,,,,,
US1GADK0007,"NORTH DECATUR 3.0 NNE, GA US",1/31/17,,,0,0,,,,,,,,,,,,,,,
US1GACB0037,"SMYRNA 0.4 NE, GA US",1/1/17,,,0.32,0,,,,,,,,,,,,,,,
US1GACB0037,"SMYRNA 0.4 NE, GA US",1/2/17,,,0.75,,,,,,,,,,,,,,,,
US1GACB0037,"SMYRNA 0.4 NE, GA US",1/3/17,,,1.68,,,,,,,,,,,,,,,,
US1GACB0037,"SMYRNA 0.4 NE, GA US",1/4/17,,,0,,,,,,,,,,,,,,,,
US1GACB0037,"SMYRNA 0.4 NE, GA US",1/5/17,,,0,0,,,,,,,,,,,,,,,
US1GACB0037,"SMYRNA 0.4 NE, GA US",1/6/17,,,0,0,,,,,,,,,,,,,,,
US1GACB0037,"SMYRNA 0.4 NE, GA US",1/7/17,,,0.52,,,,,,,,,,,,,,,,
US1GACB0037,"SMYRNA 0.4 NE, GA US",1/8/17,,,0,0,,,,,,,,,,,,,,,
US1GACB0037,"SMYRNA 0.4 NE, GA US",1/9/17,,,0,0,,,,,,,,,,,,,,,
US1GACB0037,"SMYRNA 0.4 NE, GA US",1/10/17,,,0,0,,,,,,,,,,,,,,,
US1GACB0037,"SMYRNA 0.4 NE, GA US",1/11/17,,,0,,,,,,,,,,,,,,,,
US1GACB0037,"SMYRNA 0.4 NE, GA US",1/12/17,,,0.01,,,,,,,,,,,,,,,,
US1GACB0037,"SMYRNA 0.4 NE, GA US",1/13/17,,,0,0,,,,,,,,,,,,,,,
US1GACB0037,"SMYRNA 0.4 NE, GA US",1/14/17,,,0,0,,,,,,,,,,,,,,,
US1GACB0037,"SMYRNA 0.4 NE, GA US",1/15/17,,,0,0,,,,,,,,,,,,,,,
US1GACB0037,"SMYRNA 0.4 NE, GA US",1/16/17,,,0,0,,,,,,,,,,,,,,,
US1GACB0037,"SMYRNA 0.4 NE, GA US",1/17/17,,,0,0,,,,,,,,,,,,,,,
US1GACB0037,"SMYRNA 0.4 NE, GA US",1/18/17,,,0,0,,,,,,,,,,,,,,,
US1GACB0037,"SMYRNA 0.4 NE, GA US",1/19/17,,,0,,,,,,,,,,,,,,,,
US1GACB0037,"SMYRNA 0.4 NE, GA US",1/23/17,,,1.04,,,,,,,,,,,,,,,,
US1GACB0037,"SMYRNA 0.4 NE, GA US",1/24/17,,,0.03,,,,,,,,,,,,,,,,
US1GACB0037,"SMYRNA 0.4 NE, GA US",1/25/17,,,0,0,,,,,,,,,,,,,,,
US1GACB0037,"SMYRNA 0.4 NE, GA US",1/26/17,,,0.09,,,,,,,,,,,,,,,,
US1GACB0037,"SMYRNA 0.4 NE, GA US",1/27/17,,,0,0,,,,,,,,,,,,,,,
US1GACB0037,"SMYRNA 0.4 NE, GA US",1/28/17,,,0,0,,,,,,,,,,,,,,,
US1GACB0037,"SMYRNA 0.4 NE, GA US",1/29/17,,,0,0,,,,,,,,,,,,,,,
US1GACB0037,"SMYRNA 0.4 NE, GA US",1/30/17,,,0,0,,,,,,,,,,,,,,,
US1GACB0037,"SMYRNA 0.4 NE, GA US",1/31/17,,,0,0,,,,,,,,,,,,,,,
USC00092753,"DORAVILLE, GA US",1/1/17,,,0.34,0,0,,,,,,,,,,,,,,
USC00092753,"DORAVILLE, GA US",1/2/17,,,0.53,0,0,,,,,,,,,,,,,,
USC00092753,"DORAVILLE, GA US",1/3/17,,,1.77,0,0,,,,,,,,,,,,,,
USC00092753,"DORAVILLE, GA US",1/4/17,,,0,0,0,,,,,,,,,,,,,,
USC00092753,"DORAVILLE, GA US",1/5/17,,,0,0,0,,,,,,,,,,,,,,
USC00092753,"DORAVILLE, GA US",1/6/17,,,0,0,0,,,,,,,,,,,,,,
USC00092753,"DORAVILLE, GA US",1/7/17,,,0.5,0,0,,,,,,,,,,,,,,
USC00092753,"DORAVILLE, GA US",1/8/17,,,0,0,0,,,,,,,,,,,,,,
USC00092753,"DORAVILLE, GA US",1/9/17,,,0,0,0,,,,,,,,,,,,,,
USC00092753,"DORAVILLE, GA US",1/10/17,,,0,0,0,,,,,,,,,,,,,,
USC00092753,"DORAVILLE, GA US",1/11/17,,,0,0,0,,,,,,,,,,,,,,
USC00092753,"DORAVILLE, GA US",1/12/17,,,0,0,0,,,,,,,,,,,,,,
USC00092753,"DORAVILLE, GA US",1/13/17,,,0,0,0,,,,,,,,,,,,,,
USC00092753,"DORAVILLE, GA US",1/14/17,,,0,0,0,,,,,,,,,,,,,,
USC00092753,"DORAVILLE, GA US",1/15/17,,,0,0,0,,,,,,,,,,,,,,
USC00092753,"DORAVILLE, GA US",1/16/17,,,0,0,0,,,,,,,,,,,,,,
USC00092753,"DORAVILLE, GA US",1/17/17,,,0,0,0,,,,,,,,,,,,,,
USC00092753,"DORAVILLE, GA US",1/18/17,,,0,0,0,,,,,,,,,,,,,,
USC00092753,"DORAVILLE, GA US",1/19/17,,,0,0,0,,,,,,,,,,,,,,
USC00092753,"DORAVILLE, GA US",1/20/17,,,0.42,0,0,,,,,,,,,,,,,,
USC00092753,"DORAVILLE, GA US",1/21/17,,,0,0,0,,,,,,,,,,,,,,
USC00092753,"DORAVILLE, GA US",1/22/17,,,1.95,0,0,,,,,,,,,,,,,,
USC00092753,"DORAVILLE, GA US",1/23/17,,,0.41,0,0,,,,,,,,,,,,,,
USC00092753,"DORAVILLE, GA US",1/24/17,,,0.02,0,0,,,,,,,,,,,,,,
USC00092753,"DORAVILLE, GA US",1/25/17,,,0,0,0,,,,,,,,,,,,,,
USC00092753,"DORAVILLE, GA US",1/26/17,,,0.13,0,0,,,,,,,,,,,,,,
USC00092753,"DORAVILLE, GA US",1/27/17,,,0.02,0,0,,,,,,,,,,,,,,
USC00092753,"DORAVILLE, GA US",1/28/17,,,0,0,0,,,,,,,,,,,,,,
USC00092753,"DORAVILLE, GA US",1/29/17,,,0,0,0,,,,,,,,,,,,,,
USC00092753,"DORAVILLE, GA US",1/30/17,,,0,0,0,,,,,,,,,,,,,,
USC00092753,"DORAVILLE, GA US",1/31/17,,,0,0,0,,,,,,,,,,,,,,
US1GACB0016,"MARIETTA 8.3 NE, GA US",1/1/17,,,0.53,,,,,,,,,,,,,,,,
US1GACB0016,"MARIETTA 8.3 NE, GA US",1/2/17,,,0.59,,,,,,,,,,,,,,,,
US1GACB0016,"MARIETTA 8.3 NE, GA US",1/3/17,,,1.52,,,,,,,,,,,,,,,,
US1GACB0016,"MARIETTA 8.3 NE, GA US",1/4/17,,,0,,,,,,,,,,,,,,,,
US1GACB0016,"MARIETTA 8.3 NE, GA US",1/5/17,,,0,,,,,,,,,,,,,,,,
US1GACB0016,"MARIETTA 8.3 NE, GA US",1/6/17,,,0,,,,,,,,,,,,,,,,
US1GACB0016,"MARIETTA 8.3 NE, GA US",1/7/17,,,0.54,0.2,,,,,,,,,,,,,,,
US1GACB0016,"MARIETTA 8.3 NE, GA US",1/8/17,,,0,,,,,,,,,,,,,,,,
US1GACB0016,"MARIETTA 8.3 NE, GA US",1/9/17,,,0,,,,,,,,,,,,,,,,
US1GACB0016,"MARIETTA 8.3 NE, GA US",1/10/17,,,0,,,,,,,,,,,,,,,,
US1GACB0016,"MARIETTA 8.3 NE, GA US",1/11/17,,,0,,,,,,,,,,,,,,,,
US1GACB0016,"MARIETTA 8.3 NE, GA US",1/12/17,,,0,,,,,,,,,,,,,,,,
US1GACB0016,"MARIETTA 8.3 NE, GA US",1/13/17,,,0,,,,,,,,,,,,,,,,
US1GACB0016,"MARIETTA 8.3 NE, GA US",1/14/17,,,0,,,,,,,,,,,,,,,,
US1GACB0016,"MARIETTA 8.3 NE, GA US",1/15/17,,,0,,,,,,,,,,,,,,,,
US1GACB0016,"MARIETTA 8.3 NE, GA US",1/16/17,,,0,,,,,,,,,,,,,,,,
US1GACB0016,"MARIETTA 8.3 NE, GA US",1/17/17,,,0,,,,,,,,,,,,,,,,
US1GACB0016,"MARIETTA 8.3 NE, GA US",1/18/17,,,0,,,,,,,,,,,,,,,,
US1GACB0016,"MARIETTA 8.3 NE, GA US",1/19/17,,,0,,,,,,,,,,,,,,,,
US1GACB0016,"MARIETTA 8.3 NE, GA US",1/20/17,,,0.8,,,,,,,,,,,,,,,,
US1GACB0016,"MARIETTA 8.3 NE, GA US",1/21/17,,,0.02,,,,,,,,,,,,,,,,
US1GACB0016,"MARIETTA 8.3 NE, GA US",1/22/17,,,2.01,,,,,,,,,,,,,,,,
US1GACB0016,"MARIETTA 8.3 NE, GA US",1/23/17,,,0.65,,,,,,,,,,,,,,,,
US1GACB0016,"MARIETTA 8.3 NE, GA US",1/24/17,,,0.01,,,,,,,,,,,,,,,,
US1GACB0016,"MARIETTA 8.3 NE, GA US",1/25/17,,,0,,,,,,,,,,,,,,,,
US1GACB0016,"MARIETTA 8.3 NE, GA US",1/26/17,,,0.16,,,,,,,,,,,,,,,,
US1GACB0016,"MARIETTA 8.3 NE, GA US",1/27/17,,,0,,,,,,,,,,,,,,,,
US1GACB0016,"MARIETTA 8.3 NE, GA US",1/28/17,,,0,,,,,,,,,,,,,,,,
US1GACB0016,"MARIETTA 8.3 NE, GA US",1/29/17,,,0,,,,,,,,,,,,,,,,
US1GACB0016,"MARIETTA 8.3 NE, GA US",1/30/17,,,0,,,,,,,,,,,,,,,,
US1GACB0016,"MARIETTA 8.3 NE, GA US",1/31/17,,,0,0,,,,,,,,,,,,,,,
US1GADK0041,"DECATUR 2.6 NE, GA US",1/1/17,,,0.32,,,,,,,,,,,,,,,,
US1GADK0041,"DECATUR 2.6 NE, GA US",1/7/17,,,0.25,,,,,,,,,,,,,,,,
US1GADK0041,"DECATUR 2.6 NE, GA US",1/18/17,,,0,,,,,,,,,,,,,,,,
US1GADK0041,"DECATUR 2.6 NE, GA US",1/20/17,,,0.58,,,,,,,,,,,,,,,,
US1GADK0041,"DECATUR 2.6 NE, GA US",1/21/17,,,1.7,,,,,,,,,,,,,,,,
US1GADK0041,"DECATUR 2.6 NE, GA US",1/22/17,,,1.17,,,,,,,,,,,,,,,,
US1GADK0041,"DECATUR 2.6 NE, GA US",1/23/17,,,0.57,,,,,,,,,,,,,,,,
US1GADK0041,"DECATUR 2.6 NE, GA US",1/26/17,,,0.1,,,,,,,,,,,,,,,,
USW00053863,"ATLANTA DEKALB PEACHTREE AIRPORT, GA US",1/1/17,4.7,,0.38,,0,,48,40,50,50,,,10.1,14.1,1,1,,,
USW00053863,"ATLANTA DEKALB PEACHTREE AIRPORT, GA US",1/2/17,3.58,,1.86,,0,,55,49,80,90,,,15,25.1,1,1,1,,
USW00053863,"ATLANTA DEKALB PEACHTREE AIRPORT, GA US",1/3/17,6.49,,0,0,0,,63,54,250,240,,,13,18.1,1,,,,
USW00053863,"ATLANTA DEKALB PEACHTREE AIRPORT, GA US",1/4/17,10.07,,0,0,0,,54,37,310,310,,,21.9,27.1,,,,,
USW00053863,"ATLANTA DEKALB PEACHTREE AIRPORT, GA US",1/5/17,4.92,,0,0,0,,56,29,260,270,,,15,18.1,,,,,
USW00053863,"ATLANTA DEKALB PEACHTREE AIRPORT, GA US",1/6/17,8.28,,0.52,0,0,,44,31,300,290,,,16.1,21,1,,,,
USW00053863,"ATLANTA DEKALB PEACHTREE AIRPORT, GA US",1/7/17,13.42,,0.02,,0,,31,20,330,300,,,23,31.1,1,,,,
USW00053863,"ATLANTA DEKALB PEACHTREE AIRPORT, GA US",1/8/17,7.16,,0,0,0,,34,15,310,330,,,13,18.1,,,,,
USW00053863,"ATLANTA DEKALB PEACHTREE AIRPORT, GA US",1/9/17,3.58,,0,0,0,,43,25,190,150,,,13,17,,,,,
USW00053863,"ATLANTA DEKALB PEACHTREE AIRPORT, GA US",1/10/17,5.37,,0,0,0,,56,31,180,150,,,16.1,21.9,,,,,
USW00053863,"ATLANTA DEKALB PEACHTREE AIRPORT, GA US",1/11/17,4.92,,0,0,0,,67,47,200,190,,,16.1,23.9,,,,,
USW00053863,"ATLANTA DEKALB PEACHTREE AIRPORT, GA US",1/12/17,5.14,,0,0,0,,73,46,200,200,,,17,21.9,1,,,,
USW00053863,"ATLANTA DEKALB PEACHTREE AIRPORT, GA US",1/13/17,2.01,,0,0,0,,74,47,300,320,,,13,17,1,,,,
USW00053863,"ATLANTA DEKALB PEACHTREE AIRPORT, GA US",1/14/17,0.67,,0,0,0,,75,47,200,190,,,8.9,11,1,1,,,1
USW00053863,"ATLANTA DEKALB PEACHTREE AIRPORT, GA US",1/15/17,2.01,,0,0,0,,73,44,270,240,,,10.1,14.1,1,1,,,
USW00053863,"ATLANTA DEKALB PEACHTREE AIRPORT, GA US",1/16/17,2.91,,0,0,0,,68,46,70,110,,,8.9,14.1,1,,,,1
USW00053863,"ATLANTA DEKALB PEACHTREE AIRPORT, GA US",1/17/17,6.93,,0,0,0,,75,49,240,230,,,21,27.1,1,1,,,
USW00053863,"ATLANTA DEKALB PEACHTREE AIRPORT, GA US",1/18/17,8.28,,0,0,0,,71,56,290,320,,,17,23,,,,,
USW00053863,"ATLANTA DEKALB PEACHTREE AIRPORT, GA US",1/19/17,3.13,,0.23,0,0,,73,50,240,100,,,10.1,15,1,,1,,
USW00053863,"ATLANTA DEKALB PEACHTREE AIRPORT, GA US",1/20/17,8.28,,0.19,0,0,,74,55,230,230,,,23.9,30,1,,,,
USW00053863,"ATLANTA DEKALB PEACHTREE AIRPORT, GA US",1/21/17,2.91,,1.71,0,0,,63,54,320,40,,,21,27.1,1,,1,,
USW00053863,"ATLANTA DEKALB PEACHTREE AIRPORT, GA US",1/22/17,8.5,,0.49,0,0,,61,50,220,220,,,30,42.1,1,,1,,
USW00053863,"ATLANTA DEKALB PEACHTREE AIRPORT, GA US",1/23/17,12.3,,0.24,,0,,54,47,320,310,,,25.1,34,1,,,,1
USW00053863,"ATLANTA DEKALB PEACHTREE AIRPORT, GA US",1/24/17,10.29,,0,0,0,,59,40,310,330,,,21.9,28,,,,,
USW00053863,"ATLANTA DEKALB PEACHTREE AIRPORT, GA US",1/25/17,5.82,,0,0,0,,70,35,250,210,,,18.1,21.9,1,,,,1
USW00053863,"ATLANTA DEKALB PEACHTREE AIRPORT, GA US",1/26/17,12.75,,0.06,0,0,,63,41,300,290,,,23,34,1,,,,
USW00053863,"ATLANTA DEKALB PEACHTREE AIRPORT, GA US",1/27/17,9.62,,0,0,0,,45,33,270,250,,,19.9,28,,,,,
USW00053863,"ATLANTA DEKALB PEACHTREE AIRPORT, GA US",1/28/17,9.62,,0,0,0,,52,32,270,270,,,21.9,27.1,,,,,
USW00053863,"ATLANTA DEKALB PEACHTREE AIRPORT, GA US",1/29/17,9.4,,0,,0,,51,30,300,300,,,23.9,34,,,,,
USW00053863,"ATLANTA DEKALB PEACHTREE AIRPORT, GA US",1/30/17,7.61,,0,0,0,,55,31,270,260,,,21,25.9,,,,,
USW00053863,"ATLANTA DEKALB PEACHTREE AIRPORT, GA US",1/31/17,8.72,,0,0,0,,72,35,250,250,,,21,28,,,,,
US1GADK0033,"DECATUR 1.2 NE, GA US",1/1/17,,,0.35,,,,,,,,,,,,,,,,
US1GADK0033,"DECATUR 1.2 NE, GA US",1/2/17,,,0.87,,,,,,,,,,,,,,,,
US1GADK0033,"DECATUR 1.2 NE, GA US",1/3/17,,,2.19,,,,,,,,,,,,,,,,
US1GADK0033,"DECATUR 1.2 NE, GA US",1/4/17,,,0.01,,,,,,,,,,,,,,,,
US1GADK0033,"DECATUR 1.2 NE, GA US",1/5/17,,,0,0,,,,,,,,,,,,,,,
US1GADK0033,"DECATUR 1.2 NE, GA US",1/6/17,,,0,0,,,,,,,,,,,,,,,
US1GADK0033,"DECATUR 1.2 NE, GA US",1/7/17,,,0.65,0,0,,,,,,0,0.7,,,,,,,
US1GADK0033,"DECATUR 1.2 NE, GA US",1/8/17,,,0,0,,,,,,,,,,,,,,,
US1GADK0033,"DECATUR 1.2 NE, GA US",1/9/17,,,0,0,,,,,,,,,,,,,,,
US1GADK0033,"DECATUR 1.2 NE, GA US",1/10/17,,,0,0,,,,,,,,,,,,,,,
US1GADK0033,"DECATUR 1.2 NE, GA US",1/11/17,,,0,,,,,,,,,,,,,,,,
US1GADK0033,"DECATUR 1.2 NE, GA US",1/12/17,,,0,0,,,,,,,,,,,,,,,
US1GADK0033,"DECATUR 1.2 NE, GA US",1/13/17,,,0,0,,,,,,,,,,,,,,,
US1GADK0033,"DECATUR 1.2 NE, GA US",1/14/17,,,0,0,,,,,,,,,,,,,,,
US1GADK0033,"DECATUR 1.2 NE, GA US",1/15/17,,,0,0,,,,,,,,,,,,,,,
US1GADK0033,"DECATUR 1.2 NE, GA US",1/16/17,,,0,0,,,,,,,,,,,,,,,
US1GADK0033,"DECATUR 1.2 NE, GA US",1/17/17,,,0,0,,,,,,,,,,,,,,,
US1GADK0033,"DECATUR 1.2 NE, GA US",1/18/17,,,0,0,,,,,,,,,,,,,,,
US1GADK0033,"DECATUR 1.2 NE, GA US",1/19/17,,,0,,,,,,,,,,,,,,,,
US1GADK0033,"DECATUR 1.2 NE, GA US",1/20/17,,,0.47,,,,,,,,,,,,,,,,
US1GADK0033,"DECATUR 1.2 NE, GA US",1/21/17,,,0.02,,,,,,,,,,,,,,,,
US1GADK0033,"DECATUR 1.2 NE, GA US",1/22/17,,,3.24,,,,,,,,,,,,,,,,
US1GADK0033,"DECATUR 1.2 NE, GA US",1/23/17,,,0.55,,,,,,,,,,,,,,,,
US1GADK0033,"DECATUR 1.2 NE, GA US",1/24/17,,,0,0,,,,,,,,,,,,,,,
US1GADK0033,"DECATUR 1.2 NE, GA US",1/25/17,,,0,0,,,,,,,,,,,,,,,
US1GADK0033,"DECATUR 1.2 NE, GA US",1/26/17,,,0.15,,,,,,,,,,,,,,,,
US1GADK0033,"DECATUR 1.2 NE, GA US",1/27/17,,,0,0,,,,,,,,,,,,,,,
US1GADK0033,"DECATUR 1.2 NE, GA US",1/28/17,,,0,0,,,,,,,,,,,,,,,
US1GADK0033,"DECATUR 1.2 NE, GA US",1/29/17,,,0,0,,,,,,,,,,,,,,,
US1GADK0033,"DECATUR 1.2 NE, GA US",1/30/17,,,0,0,,,,,,,,,,,,,,,
US1GADK0033,"DECATUR 1.2 NE, GA US",1/31/17,,,0,0,,,,,,,,,,,,,,,
US1GAFT0045,"ATLANTA 3.6 E, GA US",1/1/17,,,0.37,,,,,,,,,,,,,,,,
US1GAFT0045,"ATLANTA 3.6 E, GA US",1/2/17,,,0.73,,,,,,,,,,,,,,,,
US1GAFT0045,"ATLANTA 3.6 E, GA US",1/3/17,,,1.78,,,,,,,,,,,,,,,,
US1GAFT0045,"ATLANTA 3.6 E, GA US",1/7/17,,,0.6,,,,,,,,,,,,,,,,
US1GAFT0045,"ATLANTA 3.6 E, GA US",1/20/17,,,0.35,,,,,,,,,,,,,,,,
US1GAFT0045,"ATLANTA 3.6 E, GA US",1/21/17,,,2.1,,,,,,,,,,,,,,,,
US1GAFT0045,"ATLANTA 3.6 E, GA US",1/22/17,,,0.35,,,,,,,,,,,,,,,,
US1GAFT0045,"ATLANTA 3.6 E, GA US",1/23/17,,,0.48,,,,,,,,,,,,,,,,
US1GAFT0045,"ATLANTA 3.6 E, GA US",1/26/17,,,0.15,,,,,,,,,,,,,,,,
US1GAFT0024,"ATLANTA 2.3 NE, GA US",1/1/17,,,0.37,,,,,,,,,,,,,,,,
US1GAFT0024,"ATLANTA 2.3 NE, GA US",1/2/17,,,0.65,,,,,,,,,,,,,,,,
US1GAFT0024,"ATLANTA 2.3 NE, GA US",1/3/17,,,2.13,,,,,,,,,,,,,,,,
US1GAFT0024,"ATLANTA 2.3 NE, GA US",1/4/17,,,0,0,,,,,,,,,,,,,,,
US1GAFT0024,"ATLANTA 2.3 NE, GA US",1/5/17,,,0,0,,,,,,,,,,,,,,,
US1GAFT0024,"ATLANTA 2.3 NE, GA US",1/6/17,,,0,0,,,,,,,,,,,,,,,
US1GAFT0024,"ATLANTA 2.3 NE, GA US",1/7/17,,,0,0,,,,,,,,,,,,,,,
US1GAFT0024,"ATLANTA 2.3 NE, GA US",1/8/17,,,0,0,,,,,,,,,,,,,,,
US1GAFT0024,"ATLANTA 2.3 NE, GA US",1/9/17,,,0,0,,,,,,,,,,,,,,,
US1GAFT0024,"ATLANTA 2.3 NE, GA US",1/10/17,,,0,0,,,,,,,,,,,,,,,
US1GAFT0024,"ATLANTA 2.3 NE, GA US",1/11/17,,,0,0,,,,,,,,,,,,,,,
US1GAFT0024,"ATLANTA 2.3 NE, GA US",1/12/17,,,0.02,,,,,,,,,,,,,,,,
US1GAFT0024,"ATLANTA 2.3 NE, GA US",1/13/17,,,0,0,,,,,,,,,,,,,,,
US1GAFT0024,"ATLANTA 2.3 NE, GA US",1/14/17,,,0,0,,,,,,,,,,,,,,,
US1GAFT0024,"ATLANTA 2.3 NE, GA US",1/15/17,,,0,0,,,,,,,,,,,,,,,
US1GAFT0024,"ATLANTA 2.3 NE, GA US",1/16/17,,,0,0,,,,,,,,,,,,,,,
US1GAFT0024,"ATLANTA 2.3 NE, GA US",1/17/17,,,0,0,,,,,,,,,,,,,,,
US1GAFT0024,"ATLANTA 2.3 NE, GA US",1/18/17,,,0,0,,,,,,,,,,,,,,,
US1GAFT0024,"ATLANTA 2.3 NE, GA US",1/19/17,,,0,0,,,,,,,,,,,,,,,
US1GAFT0024,"ATLANTA 2.3 NE, GA US",1/20/17,,,0.51,,,,,,,,,,,,,,,,
US1GAFT0024,"ATLANTA 2.3 NE, GA US",1/21/17,,,0.02,,,,,,,,,,,,,,,,
US1GAFT0024,"ATLANTA 2.3 NE, GA US",1/22/17,,,2.32,,,,,,,,,,,,,,,,
US1GAFT0024,"ATLANTA 2.3 NE, GA US",1/23/17,,,0.51,,,,,,,,,,,,,,,,
US1GAFT0024,"ATLANTA 2.3 NE, GA US",1/24/17,,,0,0,,,,,,,,,,,,,,,
US1GAFT0024,"ATLANTA 2.3 NE, GA US",1/25/17,,,0,0,,,,,,,,,,,,,,,
US1GAFT0024,"ATLANTA 2.3 NE, GA US",1/26/17,,,0.08,,,,,,,,,,,,,,,,
US1GAFT0024,"ATLANTA 2.3 NE, GA US",1/27/17,,,0,0,,,,,,,,,,,,,,,
US1GAFT0024,"ATLANTA 2.3 NE, GA US",1/28/17,,,0,0,,,,,,,,,,,,,,,
US1GAFT0024,"ATLANTA 2.3 NE, GA US",1/29/17,,,0,0,,,,,,,,,,,,,,,
US1GAFT0024,"ATLANTA 2.3 NE, GA US",1/30/17,,,0,0,,,,,,,,,,,,,,,
US1GAFT0024,"ATLANTA 2.3 NE, GA US",1/31/17,,,0,0,,,,,,,,,,,,,,,
US1GAFT0046,"ATLANTA 3.1 ESE, GA US",1/8/17,,,0,0,,,,,,,,,,,,,,,
US1GAFT0046,"ATLANTA 3.1 ESE, GA US",1/9/17,,,0,0,,,,,,,,,,,,,,,
US1GAFT0046,"ATLANTA 3.1 ESE, GA US",1/11/17,,,0,0,,,,,,,,,,,,,,,
US1GAFT0046,"ATLANTA 3.1 ESE, GA US",1/13/17,,,0,,,,,,,,,,,,,,,,
US1GAFT0046,"ATLANTA 3.1 ESE, GA US",1/15/17,,,0,0,,,,,,,,,,,,,,,
US1GAFT0046,"ATLANTA 3.1 ESE, GA US",1/16/17,,,0,,,,,,,,,,,,,,,,
US1GAFT0046,"ATLANTA 3.1 ESE, GA US",1/17/17,,,0,0,,,,,,,,,,,,,,,
US1GAFT0046,"ATLANTA 3.1 ESE, GA US",1/18/17,,,0,0,,,,,,,,,,,,,,,
US1GAFT0046,"ATLANTA 3.1 ESE, GA US",1/20/17,,,0.36,,,,,,,,,,,,,,,,
US1GAFT0046,"ATLANTA 3.1 ESE, GA US",1/23/17,,,0.55,,,,,,,,,,,,,,,,
US1GAFT0046,"ATLANTA 3.1 ESE, GA US",1/26/17,,,0.15,,,,,,,,,,,,,,,,
US1GAFT0046,"ATLANTA 3.1 ESE, GA US",1/27/17,,,0,,,,,,,,,,,,,,,,
US1GAGW0044,"LILBURN 2.5 S, GA US",1/1/17,,,0.41,,,,,,,,,,,,,,,,
US1GAGW0044,"LILBURN 2.5 S, GA US",1/2/17,,,0.71,,,,,,,,,,,,,,,,
US1GAGW0044,"LILBURN 2.5 S, GA US",1/3/17,,,2.14,,,,,,,,,,,,,,,,
US1GAGW0044,"LILBURN 2.5 S, GA US",1/9/17,,,0,,,,,,,,,,,,,,,,
US1GAGW0044,"LILBURN 2.5 S, GA US",1/21/17,,,0.28,,,,,,,,,,,,,,,,
US1GAGW0044,"LILBURN 2.5 S, GA US",1/22/17,,,3.5,,,,,,,,,,,,,,,,
US1GAGW0044,"LILBURN 2.5 S, GA US",1/23/17,,,0.52,,,,,,,,,,,,,,,,
US1GAGW0044,"LILBURN 2.5 S, GA US",1/26/17,,,0.14,,,,,,,,,,,,,,,,
US1GADK0032,"DECATUR 1.4 N, GA US",1/1/17,,,0.42,,,,,,,,,,,,,,,,
US1GADK0032,"DECATUR 1.4 N, GA US",1/2/17,,,0.71,,,,,,,,,,,,,,,,
US1GADK0032,"DECATUR 1.4 N, GA US",1/3/17,,,2.2,,,,,,,,,,,,,,,,
US1GADK0032,"DECATUR 1.4 N, GA US",1/4/17,,,0.03,,,,,,,,,,,,,,,,
US1GADK0032,"DECATUR 1.4 N, GA US",1/5/17,,,0,0,,,,,,,,,,,,,,,
US1GADK0032,"DECATUR 1.4 N, GA US",1/6/17,,,0,0,,,,,,,,,,,,,,,
US1GADK0032,"DECATUR 1.4 N, GA US",1/7/17,,,0.5,,,,,,,,,,,,,,,,
US1GADK0032,"DECATUR 1.4 N, GA US",1/8/17,,,0,0,,,,,,,,,,,,,,,
US1GADK0032,"DECATUR 1.4 N, GA US",1/9/17,,,0,0,,,,,,,,,,,,,,,
US1GADK0032,"DECATUR 1.4 N, GA US",1/10/17,,,0,0,,,,,,,,,,,,,,,
US1GADK0032,"DECATUR 1.4 N, GA US",1/11/17,,,0,0,,,,,,,,,,,,,,,
US1GADK0032,"DECATUR 1.4 N, GA US",1/12/17,,,0,0,,,,,,,,,,,,,,,
US1GADK0032,"DECATUR 1.4 N, GA US",1/13/17,,,0,0,,,,,,,,,,,,,,,
US1GADK0032,"DECATUR 1.4 N, GA US",1/14/17,,,0,0,,,,,,,,,,,,,,,
US1GADK0032,"DECATUR 1.4 N, GA US",1/15/17,,,0,0,,,,,,,,,,,,,,,
US1GADK0032,"DECATUR 1.4 N, GA US",1/16/17,,,0,0,,,,,,,,,,,,,,,
US1GADK0032,"DECATUR 1.4 N, GA US",1/17/17,,,0,0,,,,,,,,,,,,,,,
US1GADK0032,"DECATUR 1.4 N, GA US",1/18/17,,,0,0,,,,,,,,,,,,,,,
US1GADK0032,"DECATUR 1.4 N, GA US",1/19/17,,,0,0,,,,,,,,,,,,,,,
US1GADK0032,"DECATUR 1.4 N, GA US",1/20/17,,,0.5,,,,,,,,,,,,,,,,
US1GADK0032,"DECATUR 1.4 N, GA US",1/21/17,,,0.8,,,,,,,,,,,,,,,,
US1GADK0032,"DECATUR 1.4 N, GA US",1/22/17,,,2.56,,,,,,,,,,,,,,,,
US1GADK0032,"DECATUR 1.4 N, GA US",1/23/17,,,0.45,,,,,,,,,,,,,,,,
US1GADK0032,"DECATUR 1.4 N, GA US",1/24/17,,,0,0,,,,,,,,,,,,,,,
US1GADK0032,"DECATUR 1.4 N, GA US",1/25/17,,,0,0,,,,,,,,,,,,,,,
US1GADK0032,"DECATUR 1.4 N, GA US",1/26/17,,,0.15,0,,,,,,,,,,,,,,,
US1GADK0032,"DECATUR 1.4 N, GA US",1/27/17,,,0,0,,,,,,,,,,,,,,,
US1GADK0032,"DECATUR 1.4 N, GA US",1/28/17,,,0,0,,,,,,,,,,,,,,,
US1GADK0032,"DECATUR 1.4 N, GA US",1/29/17,,,0,0,,,,,,,,,,,,,,,
US1GADK0032,"DECATUR 1.4 N, GA US",1/30/17,,,0,0,,,,,,,,,,,,,,,
US1GAGW0043,"PEACHTREE CORNERS 1.1 N, GA US",1/2/17,,,0.53,,,,,,,,,,,,,,,,
US1GAGW0043,"PEACHTREE CORNERS 1.1 N, GA US",1/3/17,,,1.7,,,,,,,,,,,,,,,,
US1GAGW0043,"PEACHTREE CORNERS 1.1 N, GA US",1/4/17,,,0.02,,,,,,,,,,,,,,,,
US1GAGW0043,"PEACHTREE CORNERS 1.1 N, GA US",1/7/17,,,0.64,,,,,,,,,,,,,,,,
US1GAGW0043,"PEACHTREE CORNERS 1.1 N, GA US",1/20/17,,,0.33,,,,,,,,,,,,,,,,
US1GAGW0043,"PEACHTREE CORNERS 1.1 N, GA US",1/21/17,,,0,,,,,,,,,,,,,,,,
US1GAGW0043,"PEACHTREE CORNERS 1.1 N, GA US",1/22/17,,,2.08,,,,,,,,,,,,,,,,
US1GAGW0043,"PEACHTREE CORNERS 1.1 N, GA US",1/23/17,,,0.45,,,,,,,,,,,,,,,,
US1GAGW0043,"PEACHTREE CORNERS 1.1 N, GA US",1/26/17,,,0.08,,,,,,,,,,,,,,,,
US1GAGW0043,"PEACHTREE CORNERS 1.1 N, GA US",1/30/17,,,0,,,,,,,,,,,,,,,,
USW00003888,"ATLANTA FULTON CO AIRPORT, GA US",1/1/17,5.14,,0.61,,0,,50,42,60,150,,,8.9,11,1,1,,,
USW00003888,"ATLANTA FULTON CO AIRPORT, GA US",1/2/17,4.03,,2,0,0,,58,50,90,80,,,21,29.1,1,,1,,
USW00003888,"ATLANTA FULTON CO AIRPORT, GA US",1/3/17,4.7,,0,0,0,,65,53,250,260,,,13,17,1,,,,
USW00003888,"ATLANTA FULTON CO AIRPORT, GA US",1/4/17,8.28,,0,0,0,,54,37,320,310,,,19.9,29.1,,,,,
USW00003888,"ATLANTA FULTON CO AIRPORT, GA US",1/5/17,3.58,,0,0,0,,54,29,230,270,,,12.1,15,,,,,
USW00003888,"ATLANTA FULTON CO AIRPORT, GA US",1/6/17,7.83,,0.46,0,0,,44,30,310,330,,,15,23,1,,,,
USW00003888,"ATLANTA FULTON CO AIRPORT, GA US",1/7/17,10.51,,0.02,,0,,30,21,330,310,,,19.9,30,1,,,,1
USW00003888,"ATLANTA FULTON CO AIRPORT, GA US",1/8/17,6.26,,0,0,0,,34,15,340,340,,,14.1,19,,,,,1
USW00003888,"ATLANTA FULTON CO AIRPORT, GA US",1/9/17,2.91,,0,0,0,,45,23,170,150,,,13,18.1,,,,,
USW00003888,"ATLANTA FULTON CO AIRPORT, GA US",1/10/17,6.49,,0,0,0,,58,28,180,180,,,17,23,,,,,
USW00003888,"ATLANTA FULTON CO AIRPORT, GA US",1/11/17,5.14,,0,0,0,,67,50,210,240,,,16.1,23.9,,,,,
USW00003888,"ATLANTA FULTON CO AIRPORT, GA US",1/12/17,3.8,,0,0,0,,73,45,210,230,,,14.1,19,1,,,,
USW00003888,"ATLANTA FULTON CO AIRPORT, GA US",1/13/17,1.12,,0,0,0,,74,46,290,280,,,10.1,13,1,,,,
USW00003888,"ATLANTA FULTON CO AIRPORT, GA US",1/14/17,1.12,,0,0,0,,74,47,240,220,,,8.1,11,1,1,,,
USW00003888,"ATLANTA FULTON CO AIRPORT, GA US",1/15/17,0.67,,0,0,0,,74,45,270,270,,,10.1,13,1,,,,
USW00003888,"ATLANTA FULTON CO AIRPORT, GA US",1/16/17,2.46,,0,0,0,,71,44,80,120,,,8.1,13,1,,,,
USW00003888,"ATLANTA FULTON CO AIRPORT, GA US",1/17/17,4.47,,0,0,0,,75,50,200,200,,,16.1,23.9,1,,,,
USW00003888,"ATLANTA FULTON CO AIRPORT, GA US",1/18/17,5.59,,0,0,0,,70,54,280,290,,,15,18.1,,,,,
USW00003888,"ATLANTA FULTON CO AIRPORT, GA US",1/19/17,3.13,,0.42,0,0,,73,50,180,160,,,14.1,18.1,1,,,,
USW00003888,"ATLANTA FULTON CO AIRPORT, GA US",1/20/17,5.82,,0.08,0,0,,73,55,270,270,,,17,23.9,1,,,,
USW00003888,"ATLANTA FULTON CO AIRPORT, GA US",1/21/17,2.68,,1.64,0,0,,64,53,320,330,,,25.1,34,1,,1,,
USW00003888,"ATLANTA FULTON CO AIRPORT, GA US",1/22/17,8.5,,0.78,0,0,,63,50,190,170,,,23.9,38,1,,1,,
USW00003888,"ATLANTA FULTON CO AIRPORT, GA US",1/23/17,12.3,,0.31,,0,,56,48,310,310,,,23.9,32,1,,,,
USW00003888,"ATLANTA FULTON CO AIRPORT, GA US",1/24/17,6.93,,0,0,0,,61,40,310,70,,,16.1,23.9,,,,,
USW00003888,"ATLANTA FULTON CO AIRPORT, GA US",1/25/17,3.8,,0,,0,,71,35,240,230,,,15,21.9,1,,,,
USW00003888,"ATLANTA FULTON CO AIRPORT, GA US",1/26/17,13.42,,0.06,0,0,,62,50,280,290,,,18.1,28,,,,,
USW00003888,"ATLANTA FULTON CO AIRPORT, GA US",1/27/17,,,0,0,0,,,,,,,,,,,,,,
USW00003888,"ATLANTA FULTON CO AIRPORT, GA US",1/28/17,,,0,0,0,,,,,,,,,,,,,,
USW00003888,"ATLANTA FULTON CO AIRPORT, GA US",1/29/17,,,0,0,0,,,,,,,,,,,,,,
USW00003888,"ATLANTA FULTON CO AIRPORT, GA US",1/30/17,,,0,0,0,,,,,,,,,,,,,,
USW00003888,"ATLANTA FULTON CO AIRPORT, GA US",1/31/17,8.5,,0,0,0,,73,41,280,280,,,17,28,,,,,
US1GADK0013,"DECATUR 1.2 SE, GA US",1/1/17,,,0.25,,,,,,,,,,,,,,,,
US1GADK0013,"DECATUR 1.2 SE, GA US",1/2/17,,,0.83,,,,,,,,,,,,,,,,
US1GADK0013,"DECATUR 1.2 SE, GA US",1/3/17,,,2.05,,,,,,,,,,,,,,,,
US1GADK0013,"DECATUR 1.2 SE, GA US",1/4/17,,,0,0,,,,,,,,,,,,,,,
US1GADK0013,"DECATUR 1.2 SE, GA US",1/5/17,,,0,0,,,,,,,,,,,,,,,
US1GADK0013,"DECATUR 1.2 SE, GA US",1/6/17,,,0,0,,,,,,,,,,,,,,,
US1GADK0013,"DECATUR 1.2 SE, GA US",1/7/17,,,0.61,0.3,0,,,,,,,,,,,,,,
US1GADK0013,"DECATUR 1.2 SE, GA US",1/8/17,,,0,0,0,,,,,,,,,,,,,,
US1GADK0013,"DECATUR 1.2 SE, GA US",1/9/17,,,0,0,,,,,,,,,,,,,,,
US1GADK0013,"DECATUR 1.2 SE, GA US",1/10/17,,,0,0,,,,,,,,,,,,,,,
US1GADK0013,"DECATUR 1.2 SE, GA US",1/11/17,,,0,0,,,,,,,,,,,,,,,
US1GADK0013,"DECATUR 1.2 SE, GA US",1/12/17,,,0,0,,,,,,,,,,,,,,,
US1GADK0013,"DECATUR 1.2 SE, GA US",1/13/17,,,0,0,,,,,,,,,,,,,,,
US1GADK0013,"DECATUR 1.2 SE, GA US",1/14/17,,,0,0,,,,,,,,,,,,,,,
US1GADK0013,"DECATUR 1.2 SE, GA US",1/15/17,,,0,0,,,,,,,,,,,,,,,
US1GADK0013,"DECATUR 1.2 SE, GA US",1/16/17,,,0,0,,,,,,,,,,,,,,,
US1GADK0013,"DECATUR 1.2 SE, GA US",1/17/17,,,0,0,,,,,,,,,,,,,,,
US1GADK0013,"DECATUR 1.2 SE, GA US",1/18/17,,,0,0,,,,,,,,,,,,,,,
US1GADK0013,"DECATUR 1.2 SE, GA US",1/19/17,,,0,,,,,,,,,,,,,,,,
US1GADK0013,"DECATUR 1.2 SE, GA US",1/20/17,,,0.31,,,,,,,,,,,,,,,,
US1GADK0013,"DECATUR 1.2 SE, GA US",1/21/17,,,0.01,,,,,,,,,,,,,,,,
US1GADK0013,"DECATUR 1.2 SE, GA US",1/22/17,,,3.3,,,,,,,,,,,,,,,,
US1GADK0013,"DECATUR 1.2 SE, GA US",1/23/17,,,0.57,,,,,,,,,,,,,,,,
US1GADK0013,"DECATUR 1.2 SE, GA US",1/24/17,,,0,,,,,,,,,,,,,,,,
US1GADK0013,"DECATUR 1.2 SE, GA US",1/25/17,,,0,0,,,,,,,,,,,,,,,
US1GADK0013,"DECATUR 1.2 SE, GA US",1/26/17,,,0.12,,,,,,,,,,,,,,,,
US1GADK0013,"DECATUR 1.2 SE, GA US",1/27/17,,,0,0,,,,,,,,,,,,,,,
US1GADK0013,"DECATUR 1.2 SE, GA US",1/28/17,,,0,0,,,,,,,,,,,,,,,
US1GADK0013,"DECATUR 1.2 SE, GA US",1/29/17,,,0,0,,,,,,,,,,,,,,,
US1GADK0013,"DECATUR 1.2 SE, GA US",1/30/17,,,0,0,,,,,,,,,,,,,,,
US1GADK0013,"DECATUR 1.2 SE, GA US",1/31/17,,,0,0,,,,,,,,,,,,,,,
US1GADK0035,"ATLANTA 6.0 NE, GA US",1/1/17,,,0.33,,,,,,,,,,,,,,,,
US1GADK0035,"ATLANTA 6.0 NE, GA US",1/2/17,,,0.5,,,,,,,,,,,,,,,,
US1GADK0035,"ATLANTA 6.0 NE, GA US",1/3/17,,,1.67,,,,,,,,,,,,,,,,
US1GADK0035,"ATLANTA 6.0 NE, GA US",1/4/17,,,0,,,,,,,,,,,,,,,,
US1GADK0035,"ATLANTA 6.0 NE, GA US",1/5/17,,,0,0,,,,,,,,,,,,,,,
US1GADK0035,"ATLANTA 6.0 NE, GA US",1/6/17,,,0,0,,,,,,,,,,,,,,,
US1GADK0035,"ATLANTA 6.0 NE, GA US",1/9/17,,,0,,,,,,,,,,,,,,,,
US1GADK0035,"ATLANTA 6.0 NE, GA US",1/18/17,,,0,0,,,,,,,,,,,,,,,
US1GADK0035,"ATLANTA 6.0 NE, GA US",1/19/17,,,0,0,,,,,,,,,,,,,,,
US1GADK0035,"ATLANTA 6.0 NE, GA US",1/20/17,,,0.39,,,,,,,,,,,,,,,,
US1GADK0035,"ATLANTA 6.0 NE, GA US",1/21/17,,,0.02,,,,,,,,,,,,,,,,
US1GADK0035,"ATLANTA 6.0 NE, GA US",1/22/17,,,2.18,,,,,,,,,,,,,,,,
US1GADK0035,"ATLANTA 6.0 NE, GA US",1/23/17,,,0.41,,,,,,,,,,,,,,,,
US1GADK0035,"ATLANTA 6.0 NE, GA US",1/24/17,,,0.02,,,,,,,,,,,,,,,,
US1GADK0035,"ATLANTA 6.0 NE, GA US",1/25/17,,,0,0,,,,,,,,,,,,,,,
US1GADK0035,"ATLANTA 6.0 NE, GA US",1/26/17,,,0.07,,,,,,,,,,,,,,,,
US1GADK0035,"ATLANTA 6.0 NE, GA US",1/27/17,,,0.01,,,,,,,,,,,,,,,,
US1GADK0035,"ATLANTA 6.0 NE, GA US",1/28/17,,,0,0,,,,,,,,,,,,,,,
US1GADK0035,"ATLANTA 6.0 NE, GA US",1/29/17,,,0,0,,,,,,,,,,,,,,,
US1GADK0035,"ATLANTA 6.0 NE, GA US",1/30/17,,,0,0,,,,,,,,,,,,,,,
US1GADK0035,"ATLANTA 6.0 NE, GA US",1/31/17,,,0,0,,,,,,,,,,,,,,,
US1GADK0036,"DUNWOODY 1.2 SW, GA US",1/1/17,,,0.38,,,,,,,,,,,,,,,,
US1GADK0036,"DUNWOODY 1.2 SW, GA US",1/2/17,,,0.45,,,,,,,,,,,,,,,,
US1GADK0036,"DUNWOODY 1.2 SW, GA US",1/3/17,,,1.82,,,,,,,,,,,,,,,,
US1GADK0036,"DUNWOODY 1.2 SW, GA US",1/4/17,,,0.01,,,,,,,,,,,,,,,,
US1GADK0036,"DUNWOODY 1.2 SW, GA US",1/5/17,,,0,0,,,,,,,,,,,,,,,
US1GADK0036,"DUNWOODY 1.2 SW, GA US",1/6/17,,,0,0,,,,,,,,,,,,,,,
US1GADK0036,"DUNWOODY 1.2 SW, GA US",1/7/17,,,0.57,0,,,,,,,,,,,,,,,
US1GADK0036,"DUNWOODY 1.2 SW, GA US",1/8/17,,,0,0,,,,,,,,,,,,,,,
US1GADK0036,"DUNWOODY 1.2 SW, GA US",1/9/17,,,0,0,,,,,,,,,,,,,,,
US1GADK0036,"DUNWOODY 1.2 SW, GA US",1/10/17,,,0,0,,,,,,,,,,,,,,,
US1GADK0036,"DUNWOODY 1.2 SW, GA US",1/11/17,,,0,0,,,,,,,,,,,,,,,
US1GADK0036,"DUNWOODY 1.2 SW, GA US",1/12/17,,,0.01,,,,,,,,,,,,,,,,
US1GADK0036,"DUNWOODY 1.2 SW, GA US",1/13/17,,,0,0,,,,,,,,,,,,,,,
US1GADK0036,"DUNWOODY 1.2 SW, GA US",1/14/17,,,0,0,,,,,,,,,,,,,,,
US1GADK0036,"DUNWOODY 1.2 SW, GA US",1/15/17,,,0,0,,,,,,,,,,,,,,,
US1GADK0036,"DUNWOODY 1.2 SW, GA US",1/16/17,,,0,0,,,,,,,,,,,,,,,
US1GADK0036,"DUNWOODY 1.2 SW, GA US",1/17/17,,,0,0,,,,,,,,,,,,,,,
US1GADK0036,"DUNWOODY 1.2 SW, GA US",1/18/17,,,0,0,,,,,,,,,,,,,,,
US1GADK0036,"DUNWOODY 1.2 SW, GA US",1/19/17,,,0,0,,,,,,,,,,,,,,,
US1GADK0036,"DUNWOODY 1.2 SW, GA US",1/20/17,,,0.76,,,,,,,,,,,,,,,,
US1GADK0036,"DUNWOODY 1.2 SW, GA US",1/21/17,,,0.24,,,,,,,,,,,,,,,,
US1GADK0036,"DUNWOODY 1.2 SW, GA US",1/22/17,,,1.75,,,,,,,,,,,,,,,,
US1GADK0036,"DUNWOODY 1.2 SW, GA US",1/23/17,,,0.44,,,,,,,,,,,,,,,,
US1GADK0036,"DUNWOODY 1.2 SW, GA US",1/24/17,,,0,0,,,,,,,,,,,,,,,
US1GADK0036,"DUNWOODY 1.2 SW, GA US",1/25/17,,,0,0,,,,,,,,,,,,,,,
US1GADK0036,"DUNWOODY 1.2 SW, GA US",1/26/17,,,0.06,,,,,,,,,,,,,,,,
US1GADK0036,"DUNWOODY 1.2 SW, GA US",1/27/17,,,0,0,,,,,,,,,,,,,,,
US1GADK0036,"DUNWOODY 1.2 SW, GA US",1/28/17,,,0,0,,,,,,,,,,,,,,,
US1GADK0036,"DUNWOODY 1.2 SW, GA US",1/29/17,,,0,0,,,,,,,,,,,,,,,
US1GADK0036,"DUNWOODY 1.2 SW, GA US",1/30/17,,,0,0,,,,,,,,,,,,,,,
US1GADK0036,"DUNWOODY 1.2 SW, GA US",1/31/17,,,0,0,,,,,,,,,,,,,,,
US1GAFT0048,"ROSWELL 5.9 SE, GA US",1/4/17,,,0.02,,,,,,,,,,,,,,,,
US1GAFT0048,"ROSWELL 5.9 SE, GA US",1/5/17,,,0,,,,,,,,,,,,,,,,
US1GAFT0048,"ROSWELL 5.9 SE, GA US",1/6/17,,,0,,,,,,,,,,,,,,,,
US1GAFT0048,"ROSWELL 5.9 SE, GA US",1/7/17,,,0.62,,,,,,,,,,,,,,,,
US1GAFT0048,"ROSWELL 5.9 SE, GA US",1/8/17,,,0,,,,,,,,,,,,,,,,
US1GAFT0048,"ROSWELL 5.9 SE, GA US",1/9/17,,,0,,,,,,,,,,,,,,,,
US1GAFT0048,"ROSWELL 5.9 SE, GA US",1/10/17,,,0,,,,,,,,,,,,,,,,
US1GAFT0048,"ROSWELL 5.9 SE, GA US",1/11/17,,,0,,,,,,,,,,,,,,,,
US1GAFT0048,"ROSWELL 5.9 SE, GA US",1/12/17,,,0,,,,,,,,,,,,,,,,
US1GAFT0048,"ROSWELL 5.9 SE, GA US",1/13/17,,,0,,,,,,,,,,,,,,,,
US1GAFT0048,"ROSWELL 5.9 SE, GA US",1/14/17,,,0,,,,,,,,,,,,,,,,
US1GAFT0048,"ROSWELL 5.9 SE, GA US",1/15/17,,,0,,,,,,,,,,,,,,,,
US1GAFT0048,"ROSWELL 5.9 SE, GA US",1/16/17,,,0,,,,,,,,,,,,,,,,
US1GAFT0048,"ROSWELL 5.9 SE, GA US",1/17/17,,,0,,,,,,,,,,,,,,,,
US1GAFT0048,"ROSWELL 5.9 SE, GA US",1/18/17,,,0.01,,,,,,,,,,,,,,,,
US1GAFT0048,"ROSWELL 5.9 SE, GA US",1/19/17,,,0,,,,,,,,,,,,,,,,
US1GAFT0048,"ROSWELL 5.9 SE, GA US",1/20/17,,,0.76,,,,,,,,,,,,,,,,
US1GAFT0048,"ROSWELL 5.9 SE, GA US",1/21/17,,,0.02,,,,,,,,,,,,,,,,
US1GAFT0048,"ROSWELL 5.9 SE, GA US",1/22/17,,,1.81,,,,,,,,,,,,,,,,
US1GAFT0048,"ROSWELL 5.9 SE, GA US",1/24/17,,,0.2,,,,,,,,,,,,,,,,
US1GAFT0048,"ROSWELL 5.9 SE, GA US",1/26/17,,,0.08,,,,,,,,,,,,,,,,
US1GAFT0048,"ROSWELL 5.9 SE, GA US",1/27/17,,,0,,,,,,,,,,,,,,,,
US1GAFT0048,"ROSWELL 5.9 SE, GA US",1/28/17,,,0,,,,,,,,,,,,,,,,
US1GAFT0048,"ROSWELL 5.9 SE, GA US",1/29/17,,,0,,,,,,,,,,,,,,,,
US1GAFT0048,"ROSWELL 5.9 SE, GA US",1/30/17,,,0,,,,,,,,,,,,,,,,
US1GAFT0048,"ROSWELL 5.9 SE, GA US",1/31/17,,,0,,,,,,,,,,,,,,,,
US1GAFT0042,"ATLANTA 4.4 ENE, GA US",1/1/17,,,0.35,,,,,,,,,,,,,,,,
US1GAFT0042,"ATLANTA 4.4 ENE, GA US",1/2/17,,,0.65,,,,,,,,,,,,,,,,
US1GAFT0042,"ATLANTA 4.4 ENE, GA US",1/3/17,,,1.64,,,,,,,,,,,,,,,,
US1GAFT0042,"ATLANTA 4.4 ENE, GA US",1/4/17,,,0.01,,,,,,,,,,,,,,,,
US1GAFT0042,"ATLANTA 4.4 ENE, GA US",1/7/17,,,0.56,,,,,,,,,,,,,,,,
US1GAFT0042,"ATLANTA 4.4 ENE, GA US",1/8/17,,,0,0,,,,,,,,,,,,,,,
US1GAFT0042,"ATLANTA 4.4 ENE, GA US",1/9/17,,,0,0,,,,,,,,,,,,,,,
US1GAFT0042,"ATLANTA 4.4 ENE, GA US",1/10/17,,,0,0,,,,,,,,,,,,,,,
US1GAFT0042,"ATLANTA 4.4 ENE, GA US",1/11/17,,,0,,,,,,,,,,,,,,,,
US1GAFT0042,"ATLANTA 4.4 ENE, GA US",1/12/17,,,0,0,,,,,,,,,,,,,,,
US1GAFT0042,"ATLANTA 4.4 ENE, GA US",1/13/17,,,0,0,,,,,,,,,,,,,,,
US1GAFT0042,"ATLANTA 4.4 ENE, GA US",1/14/17,,,0,0,,,,,,,,,,,,,,,
US1GAFT0042,"ATLANTA 4.4 ENE, GA US",1/15/17,,,0,0,,,,,,,,,,,,,,,
US1GAFT0042,"ATLANTA 4.4 ENE, GA US",1/16/17,,,0,0,,,,,,,,,,,,,,,
US1GAFT0042,"ATLANTA 4.4 ENE, GA US",1/17/17,,,0,0,,,,,,,,,,,,,,,
US1GAFT0042,"ATLANTA 4.4 ENE, GA US",1/19/17,,,0,0,,,,,,,,,,,,,,,
US1GAFT0042,"ATLANTA 4.4 ENE, GA US",1/20/17,,,0.34,,,,,,,,,,,,,,,,
US1GAFT0042,"ATLANTA 4.4 ENE, GA US",1/21/17,,,0.02,,,,,,,,,,,,,,,,
US1GAFT0042,"ATLANTA 4.4 ENE, GA US",1/22/17,,,2.25,,,,,,,,,,,,,,,,
US1GAFT0042,"ATLANTA 4.4 ENE, GA US",1/23/17,,,0.53,,,,,,,,,,,,,,,,
US1GAFT0042,"ATLANTA 4.4 ENE, GA US",1/24/17,,,0.01,,,,,,,,,,,,,,,,
US1GAFT0042,"ATLANTA 4.4 ENE, GA US",1/25/17,,,0,0,,,,,,,,,,,,,,,
US1GAFT0042,"ATLANTA 4.4 ENE, GA US",1/26/17,,,0.1,,,,,,,,,,,,,,,,
US1GAFT0042,"ATLANTA 4.4 ENE, GA US",1/27/17,,,0,0,,,,,,,,,,,,,,,
US1GAFT0042,"ATLANTA 4.4 ENE, GA US",1/28/17,,,0,0,,,,,,,,,,,,,,,
US1GAFT0042,"ATLANTA 4.4 ENE, GA US",1/29/17,,,0,0,,,,,,,,,,,,,,,
US1GAFT0042,"ATLANTA 4.4 ENE, GA US",1/30/17,,,0,0,,,,,,,,,,,,,,,
US1GAFT0042,"ATLANTA 4.4 ENE, GA US",1/31/17,,,0,0,,,,,,,,,,,,,,,
US1GACB0004,"SANDY SPRINGS 3.2 WNW, GA US",1/1/17,,,0.48,,,,,,,,,,,,,,,,
US1GACB0004,"SANDY SPRINGS 3.2 WNW, GA US",1/2/17,,,0.61,,,,,,,,,,,,,,,,
US1GACB0004,"SANDY SPRINGS 3.2 WNW, GA US",1/3/17,,,1.42,,,,,,,,,,,,,,,,
US1GACB0004,"SANDY SPRINGS 3.2 WNW, GA US",1/7/17,,,0.53,0.5,0.5,,,,,,,,,,,,,,
US1GACB0004,"SANDY SPRINGS 3.2 WNW, GA US",1/20/17,,,0.69,,,,,,,,,,,,,,,,
US1GACB0004,"SANDY SPRINGS 3.2 WNW, GA US",1/22/17,,,2.01,,,,,,,,,,,,,,,,
US1GACB0004,"SANDY SPRINGS 3.2 WNW, GA US",1/23/17,,,0.79,,,,,,,,,,,,,,,,
US1GACB0004,"SANDY SPRINGS 3.2 WNW, GA US",1/26/17,,,0.13,,,,,,,,,,,,,,,,
US1GACB0002,"SMYRNA 2.3 NE, GA US",1/1/17,,,0.31,,,,,,,,,,,,,,,,
US1GACB0002,"SMYRNA 2.3 NE, GA US",1/2/17,,,0.62,,,,,,,,,,,,,,,,
US1GACB0002,"SMYRNA 2.3 NE, GA US",1/3/17,,,1.61,,,,,,,,,,,,,,,,
US1GACB0002,"SMYRNA 2.3 NE, GA US",1/4/17,,,0,0,,,,,,,,,,,,,,,
US1GACB0002,"SMYRNA 2.3 NE, GA US",1/5/17,,,0,0,,,,,,,,,,,,,,,
US1GACB0002,"SMYRNA 2.3 NE, GA US",1/6/17,,,0,0,,,,,,,,,,,,,,,
US1GACB0002,"SMYRNA 2.3 NE, GA US",1/7/17,,,0.53,,,,,,,,,,,,,,,,
US1GACB0002,"SMYRNA 2.3 NE, GA US",1/8/17,,,0,0,,,,,,,,,,,,,,,
US1GACB0002,"SMYRNA 2.3 NE, GA US",1/9/17,,,0,0,,,,,,,,,,,,,,,
US1GACB0002,"SMYRNA 2.3 NE, GA US",1/10/17,,,0,0,,,,,,,,,,,,,,,
US1GACB0002,"SMYRNA 2.3 NE, GA US",1/11/17,,,0,0,,,,,,,,,,,,,,,
US1GACB0002,"SMYRNA 2.3 NE, GA US",1/12/17,,,0.02,,,,,,,,,,,,,,,,
US1GACB0002,"SMYRNA 2.3 NE, GA US",1/13/17,,,0,0,,,,,,,,,,,,,,,
US1GACB0002,"SMYRNA 2.3 NE, GA US",1/14/17,,,0,0,,,,,,,,,,,,,,,
US1GACB0002,"SMYRNA 2.3 NE, GA US",1/15/17,,,0,0,,,,,,,,,,,,,,,
US1GACB0002,"SMYRNA 2.3 NE, GA US",1/16/17,,,0,0,,,,,,,,,,,,,,,
US1GACB0002,"SMYRNA 2.3 NE, GA US",1/17/17,,,0,0,,,,,,,,,,,,,,,
US1GACB0002,"SMYRNA 2.3 NE, GA US",1/18/17,,,0,,,,,,,,,,,,,,,,
US1GACB0002,"SMYRNA 2.3 NE, GA US",1/19/17,,,0,0,,,,,,,,,,,,,,,
US1GACB0002,"SMYRNA 2.3 NE, GA US",1/20/17,,,0.71,,,,,,,,,,,,,,,,
US1GACB0002,"SMYRNA 2.3 NE, GA US",1/21/17,,,0.02,,,,,,,,,,,,,,,,
US1GACB0002,"SMYRNA 2.3 NE, GA US",1/22/17,,,2.11,,,,,,,,,,,,,,,,
US1GACB0002,"SMYRNA 2.3 NE, GA US",1/23/17,,,1.07,,,,,,,,,,,,,,,,
US1GACB0002,"SMYRNA 2.3 NE, GA US",1/24/17,,,0,0,,,,,,,,,,,,,,,
US1GACB0002,"SMYRNA 2.3 NE, GA US",1/25/17,,,0,0,,,,,,,,,,,,,,,
US1GACB0002,"SMYRNA 2.3 NE, GA US",1/26/17,,,0.12,,,,,,,,,,,,,,,,
US1GACB0002,"SMYRNA 2.3 NE, GA US",1/27/17,,,0,0,,,,,,,,,,,,,,,
US1GACB0002,"SMYRNA 2.3 NE, GA US",1/28/17,,,0,0,,,,,,,,,,,,,,,
US1GACB0002,"SMYRNA 2.3 NE, GA US",1/29/17,,,0,0,,,,,,,,,,,,,,,
US1GACB0002,"SMYRNA 2.3 NE, GA US",1/30/17,,,0,0,,,,,,,,,,,,,,,
US1GACB0002,"SMYRNA 2.3 NE, GA US",1/31/17,,,0,0,,,,,,,,,,,,,,,
US1GACN0008,"MORROW 1.3 N, GA US",1/4/17,,,0,0,,,,,,,,,,,,,,,
US1GACN0008,"MORROW 1.3 N, GA US",1/5/17,,,0,0,,,,,,,,,,,,,,,
US1GACN0008,"MORROW 1.3 N, GA US",1/6/17,,,0,0,,,,,,,,,,,,,,,
US1GACN0008,"MORROW 1.3 N, GA US",1/7/17,,,0.47,,,,,,,,,,,,,,,,
US1GACN0008,"MORROW 1.3 N, GA US",1/8/17,,,0,0,,,,,,,,,,,,,,,
US1GACN0008,"MORROW 1.3 N, GA US",1/9/17,,,0,0,,,,,,,,,,,,,,,
US1GACN0008,"MORROW 1.3 N, GA US",1/10/17,,,0,0,,,,,,,,,,,,,,,
US1GACN0008,"MORROW 1.3 N, GA US",1/11/17,,,0,0,,,,,,,,,,,,,,,
US1GACN0008,"MORROW 1.3 N, GA US",1/12/17,,,0,0,,,,,,,,,,,,,,,
US1GACN0008,"MORROW 1.3 N, GA US",1/13/17,,,0,0,,,,,,,,,,,,,,,
US1GACN0008,"MORROW 1.3 N, GA US",1/14/17,,,0,0,,,,,,,,,,,,,,,
US1GACN0008,"MORROW 1.3 N, GA US",1/15/17,,,0,0,,,,,,,,,,,,,,,
US1GACN0008,"MORROW 1.3 N, GA US",1/16/17,,,0,0,,,,,,,,,,,,,,,
US1GACN0008,"MORROW 1.3 N, GA US",1/17/17,,,0,0,,,,,,,,,,,,,,,
US1GACN0008,"MORROW 1.3 N, GA US",1/18/17,,,0,,,,,,,,,,,,,,,,
US1GACN0008,"MORROW 1.3 N, GA US",1/19/17,,,0,0,,,,,,,,,,,,,,,
US1GACN0008,"MORROW 1.3 N, GA US",1/20/17,,,0.32,,,,,,,,,,,,,,,,
US1GACN0008,"MORROW 1.3 N, GA US",1/21/17,,,0,0,,,,,,,,,,,,,,,
US1GACN0008,"MORROW 1.3 N, GA US",1/24/17,,,0.02,,,,,,,,,,,,,,,,
US1GACN0008,"MORROW 1.3 N, GA US",1/25/17,,,0,0,,,,,,,,,,,,,,,
US1GACN0008,"MORROW 1.3 N, GA US",1/26/17,,,0.21,,,,,,,,,,,,,,,,
US1GACN0008,"MORROW 1.3 N, GA US",1/27/17,,,0,0,,,,,,,,,,,,,,,
US1GACN0008,"MORROW 1.3 N, GA US",1/28/17,,,0,0,,,,,,,,,,,,,,,
US1GACN0008,"MORROW 1.3 N, GA US",1/29/17,,,0,0,,,,,,,,,,,,,,,
US1GACN0008,"MORROW 1.3 N, GA US",1/30/17,,,0,0,,,,,,,,,,,,,,,
US1GACN0008,"MORROW 1.3 N, GA US",1/31/17,,,0,0,,,,,,,,,,,,,,,
US1GAFT0019,"EAST POINT 6.3 WNW, GA US",1/1/17,,,0.3,,,,,,,,,,,,,,,,
US1GAFT0019,"EAST POINT 6.3 WNW, GA US",1/2/17,,,0.93,,,,,,,,,,,,,,,,
US1GAFT0019,"EAST POINT 6.3 WNW, GA US",1/3/17,,,2.07,,,,,,,,,,,,,,,,
US1GAFT0019,"EAST POINT 6.3 WNW, GA US",1/4/17,,,0,,,,,,,,,,,,,,,,
US1GAFT0019,"EAST POINT 6.3 WNW, GA US",1/5/17,,,0,,,,,,,,,,,,,,,,
US1GAFT0019,"EAST POINT 6.3 WNW, GA US",1/6/17,,,0,,,,,,,,,,,,,,,,
US1GAFT0019,"EAST POINT 6.3 WNW, GA US",1/7/17,,,0.53,0,0,,,,,,0,0,,,,,,,
US1GAFT0019,"EAST POINT 6.3 WNW, GA US",1/8/17,,,0,,,,,,,,,,,,,,,,
US1GAFT0019,"EAST POINT 6.3 WNW, GA US",1/9/17,,,0,,,,,,,,,,,,,,,,
US1GAFT0019,"EAST POINT 6.3 WNW, GA US",1/10/17,,,0,,,,,,,,,,,,,,,,
US1GAFT0019,"EAST POINT 6.3 WNW, GA US",1/11/17,,,0,,,,,,,,,,,,,,,,
US1GAFT0019,"EAST POINT 6.3 WNW, GA US",1/12/17,,,0,,,,,,,,,,,,,,,,
US1GAFT0019,"EAST POINT 6.3 WNW, GA US",1/13/17,,,0,,,,,,,,,,,,,,,,
US1GAFT0019,"EAST POINT 6.3 WNW, GA US",1/14/17,,,0,,,,,,,,,,,,,,,,
US1GAFT0019,"EAST POINT 6.3 WNW, GA US",1/15/17,,,0,,,,,,,,,,,,,,,,
US1GAFT0019,"EAST POINT 6.3 WNW, GA US",1/16/17,,,0,,,,,,,,,,,,,,,,
US1GAFT0019,"EAST POINT 6.3 WNW, GA US",1/17/17,,,0,,,,,,,,,,,,,,,,
US1GAFT0019,"EAST POINT 6.3 WNW, GA US",1/18/17,,,0,,,,,,,,,,,,,,,,
US1GAFT0019,"EAST POINT 6.3 WNW, GA US",1/19/17,,,0,,,,,,,,,,,,,,,,
US1GAFT0019,"EAST POINT 6.3 WNW, GA US",1/20/17,,,0.58,,,,,,,,,,,,,,,,
US1GAFT0019,"EAST POINT 6.3 WNW, GA US",1/21/17,,,0,,,,,,,,,,,,,,,,
US1GAFT0019,"EAST POINT 6.3 WNW, GA US",1/22/17,,,2.65,,,,,,,,,,,,,,,,
US1GAFT0019,"EAST POINT 6.3 WNW, GA US",1/23/17,,,0.62,,,,,,,,,,,,,,,,
US1GAFT0019,"EAST POINT 6.3 WNW, GA US",1/24/17,,,0.01,,,,,,,,,,,,,,,,
US1GAFT0019,"EAST POINT 6.3 WNW, GA US",1/25/17,,,0,,,,,,,,,,,,,,,,
US1GAFT0019,"EAST POINT 6.3 WNW, GA US",1/26/17,,,0.1,,,,,,,,,,,,,,,,
US1GAFT0019,"EAST POINT 6.3 WNW, GA US",1/27/17,,,0,,,,,,,,,,,,,,,,
US1GAFT0019,"EAST POINT 6.3 WNW, GA US",1/28/17,,,0,,,,,,,,,,,,,,,,
US1GAFT0019,"EAST POINT 6.3 WNW, GA US",1/29/17,,,0,,,,,,,,,,,,,,,,
US1GAFT0019,"EAST POINT 6.3 WNW, GA US",1/30/17,,,0,,,,,,,,,,,,,,,,
US1GAFT0019,"EAST POINT 6.3 WNW, GA US",1/31/17,,,0,,,,,,,,,,,,,,,,
USW00013874,"ATLANTA HARTSFIELD INTERNATIONAL AIRPORT, GA US",1/1/17,7.83,,0.84,0,0,47,51,41,170,170,,,21.9,27.1,1,1,,,
USW00013874,"ATLANTA HARTSFIELD INTERNATIONAL AIRPORT, GA US",1/2/17,7.61,,2.26,0,0,52,59,50,80,70,,,32,36,1,1,1,,
USW00013874,"ATLANTA HARTSFIELD INTERNATIONAL AIRPORT, GA US",1/3/17,8.5,,0,0,0,59,65,55,240,230,,,16.1,21,1,1,,,
USW00013874,"ATLANTA HARTSFIELD INTERNATIONAL AIRPORT, GA US",1/4/17,12.97,,0,0,0,52,55,38,330,340,,,25.1,32,,,,,
USW00013874,"ATLANTA HARTSFIELD INTERNATIONAL AIRPORT, GA US",1/5/17,6.04,,0,0,0,42,57,32,190,190,,,16.1,21,,,,,
USW00013874,"ATLANTA HARTSFIELD INTERNATIONAL AIRPORT, GA US",1/6/17,11.41,,0.47,0,0,40,46,31,320,320,,,21,25.1,1,,,,
USW00013874,"ATLANTA HARTSFIELD INTERNATIONAL AIRPORT, GA US",1/7/17,18.34,,0.01,0,0,28,31,21,320,320,,,31.1,36.9,1,,,,
USW00013874,"ATLANTA HARTSFIELD INTERNATIONAL AIRPORT, GA US",1/8/17,9.62,,0,0,0,24,35,15,330,350,,,16.1,21.9,,,,,
USW00013874,"ATLANTA HARTSFIELD INTERNATIONAL AIRPORT, GA US",1/9/17,6.71,,0,0,0,33,45,27,160,140,,,13,21,,,,,
USW00013874,"ATLANTA HARTSFIELD INTERNATIONAL AIRPORT, GA US",1/10/17,9.17,,0,0,0,40,58,30,170,180,,,21,28,,,,,
USW00013874,"ATLANTA HARTSFIELD INTERNATIONAL AIRPORT, GA US",1/11/17,8.72,,0,0,0,59,69,53,210,200,,,18.1,23,,,,,
USW00013874,"ATLANTA HARTSFIELD INTERNATIONAL AIRPORT, GA US",1/12/17,6.26,,0,0,0,61,72,49,190,180,,,16.1,21,,,,,
USW00013874,"ATLANTA HARTSFIELD INTERNATIONAL AIRPORT, GA US",1/13/17,3.8,,0,0,0,63,75,54,300,280,,,12.1,16.1,,,,,
USW00013874,"ATLANTA HARTSFIELD INTERNATIONAL AIRPORT, GA US",1/14/17,2.01,,0,0,0,64,77,52,290,280,,,10.1,13,1,,,,
USW00013874,"ATLANTA HARTSFIELD INTERNATIONAL AIRPORT, GA US",1/15/17,2.68,,0,0,0,62,73,51,270,290,,,10.1,15,,,,,
USW00013874,"ATLANTA HARTSFIELD INTERNATIONAL AIRPORT, GA US",1/16/17,5.14,,0,0,0,60,71,51,90,80,,,13,15,,,,,
USW00013874,"ATLANTA HARTSFIELD INTERNATIONAL AIRPORT, GA US",1/17/17,7.83,,0,0,0,63,75,53,210,210,,,21.9,28,1,,,,
USW00013874,"ATLANTA HARTSFIELD INTERNATIONAL AIRPORT, GA US",1/18/17,8.95,,0,0,0,65,71,57,310,330,,,17,23,,,,,
USW00013874,"ATLANTA HARTSFIELD INTERNATIONAL AIRPORT, GA US",1/19/17,5.14,,0.27,0,0,62,75,54,200,190,,,16.1,25.1,1,,,,
USW00013874,"ATLANTA HARTSFIELD INTERNATIONAL AIRPORT, GA US",1/20/17,9.17,,0.07,0,0,66,74,60,240,250,,,19.9,27.1,1,,,,
USW00013874,"ATLANTA HARTSFIELD INTERNATIONAL AIRPORT, GA US",1/21/17,6.26,,3.12,0,0,62,64,56,30,310,,,30,38,1,1,1,,
USW00013874,"ATLANTA HARTSFIELD INTERNATIONAL AIRPORT, GA US",1/22/17,11.18,,0.65,0,0,58,63,50,220,230,,,33.1,45,1,1,1,,
USW00013874,"ATLANTA HARTSFIELD INTERNATIONAL AIRPORT, GA US",1/23/17,15.88,,0.3,0,0,52,56,48,320,310,,,28,35.1,1,,,,
USW00013874,"ATLANTA HARTSFIELD INTERNATIONAL AIRPORT, GA US",1/24/17,11.86,,0,0,0,51,62,45,320,310,,,25.1,31.1,,,,,
USW00013874,"ATLANTA HARTSFIELD INTERNATIONAL AIRPORT, GA US",1/25/17,6.71,,0,0,0,54,72,42,240,240,,,19.9,25.1,,,,,
USW00013874,"ATLANTA HARTSFIELD INTERNATIONAL AIRPORT, GA US",1/26/17,13.42,,0.19,0,0,58,64,42,280,300,,,23.9,30,1,,,,
USW00013874,"ATLANTA HARTSFIELD INTERNATIONAL AIRPORT, GA US",1/27/17,11.41,,0,0,0,41,47,33,310,290,,,23,29.1,,,,,
USW00013874,"ATLANTA HARTSFIELD INTERNATIONAL AIRPORT, GA US",1/28/17,11.41,,0,0,0,40,53,32,280,270,,,21.9,27.1,,,,,
USW00013874,"ATLANTA HARTSFIELD INTERNATIONAL AIRPORT, GA US",1/29/17,11.41,,0,0,0,43,52,33,270,270,,,23,30,,,,,
USW00013874,"ATLANTA HARTSFIELD INTERNATIONAL AIRPORT, GA US",1/30/17,9.84,,0,0,0,43,57,33,300,300,,,23,28,,,,,
USW00013874,"ATLANTA HARTSFIELD INTERNATIONAL AIRPORT, GA US",1/31/17,9.4,,0,0,0,53,73,41,250,230,,,19.9,27.1,,,,,