"STATION","NAME","DATE","AWND","PGTM","PRCP","SNOW","SNWD","TAVG","TMAX","TMIN","WDF2","WDF5","WESD","WESF","WSF2","WSF5","WT01","WT02","WT03","WT05","WT08"
"US1GADK0001","TUCKER 1.3 ENE, GA US","2018-01-01",,,"0.00","0.0","0.0",,,,,,"0.0","0.0",,,,,,,
"US1GADK0001","TUCKER 1.3 ENE, GA US","2018-01-02",,,"0.00","0.0",,,,,,,,,,,,,,,
"US1GADK0001","TUCKER 1.3 ENE, GA US","2018-01-03",,,"0.00","0.0",,,,,,,,,,,,,,,
"US1GADK0001","TUCKER 1.3 ENE, GA US","2018-01-04",,,"0.00","0.0",,,,,,,,,,,,,,,
"US1GADK0001","TUCKER 1.3 ENE, GA US","2018-01-05",,,"0.00","0.0",,,,,,,,,,,,,,,
"US1GADK0001","TUCKER 1.3 ENE, GA US","2018-01-06",,,"0.00","0.0",,,,,,,,,,,,,,,
"US1GADK0001","TUCKER 1.3 ENE, GA US","2018-01-07",,,"0.00","0.0",,,,,,,,,,,,,,,
"US1GADK0001","TUCKER 1.3 ENE, GA US","2018-01-08",,,"0.00","0.0",,,,,,,,,,,,,,,
"US1GADK0001","TUCKER 1.3 ENE, GA US","2018-01-09",,,"0.12",,,,,,,,,,,,,,,,
"US1GADK0001","TUCKER 1.3 ENE, GA US","2018-01-10",,,"0.00",,,,,,,,,,,,,,,,
"US1GADK0001","TUCKER 1.3 ENE, GA US","2018-01-11",,,"0.03",,,,,,,,,,,,,,,,
"US1GADK0001","TUCKER 1.3 ENE, GA US","2018-01-12",,,"0.23",,,,,,,,,,,,,,,,
"US1GADK0001","TUCKER 1.3 ENE, GA US","2018-01-13",,,"0.54",,,,,,,,,,,,,,,,
"US1GADK0001","TUCKER 1.3 ENE, GA US","2018-01-14",,,"0.00","0.0",,,,,,,,,,,,,,,
"US1GADK0001","TUCKER 1.3 ENE, GA US","2018-01-15",,,"0.00","0.0",,,,,,,,,,,,,,,
"US1GADK0001","TUCKER 1.3 ENE, GA US","2018-01-16",,,"0.00","0.0",,,,,,,,,,,,,,,
"US1GADK0001","TUCKER 1.3 ENE, GA US","2018-01-17",,,"0.08","1.5","1.5",,,,,,"0.1","0.1",,,,,,,
"US1GADK0001","TUCKER 1.3 ENE, GA US","2018-01-18",,,"0.00","0.0","1.0",,,,,,,,,,,,,,
"US1GADK0001","TUCKER 1.3 ENE, GA US","2018-01-19",,,"0.00","0.0",,,,,,,,,,,,,,,
"US1GADK0001","TUCKER 1.3 ENE, GA US","2018-01-20",,,"0.00","0.0",,,,,,,,,,,,,,,
"US1GADK0001","TUCKER 1.3 ENE, GA US","2018-01-21",,,"0.00","0.0",,,,,,,,,,,,,,,
"US1GADK0001","TUCKER 1.3 ENE, GA US","2018-01-22",,,"0.00","0.0",,,,,,,,,,,,,,,
"US1GADK0001","TUCKER 1.3 ENE, GA US","2018-01-23",,,"0.64",,,,,,,,,,,,,,,,
"US1GADK0001","TUCKER 1.3 ENE, GA US","2018-01-24",,,"0.00","0.0",,,,,,,,,,,,,,,
"US1GADK0001","TUCKER 1.3 ENE, GA US","2018-01-25",,,"0.00","0.0",,,,,,,,,,,,,,,
"US1GADK0001","TUCKER 1.3 ENE, GA US","2018-01-26",,,"0.00","0.0",,,,,,,,,,,,,,,
"US1GADK0001","TUCKER 1.3 ENE, GA US","2018-01-27",,,"0.00","0.0",,,,,,,,,,,,,,,
"US1GADK0001","TUCKER 1.3 ENE, GA US","2018-01-28",,,"0.32",,,,,,,,,,,,,,,,
"US1GADK0001","TUCKER 1.3 ENE, GA US","2018-01-29",,,"0.96",,,,,,,,,,,,,,,,
"US1GADK0001","TUCKER 1.3 ENE, GA US","2018-01-30",,,"0.00","0.0",,,,,,,,,,,,,,,
"US1GADK0001","TUCKER 1.3 ENE, GA US","2018-01-31",,,"0.00","0.0",,,,,,,,,,,,,,,
"US1GADK0045","AVONDALE ESTATES 0.4 ESE, GA US","2018-01-30",,,"1.04",,,,,,,,,,,,,,,,
"US1GADK0049","AVONDALE ESTATES 0.4 ESE, GA US","2018-01-01",,,"0.00",,,,,,,,,,,,,,,,
"US1GADK0049","AVONDALE ESTATES 0.4 ESE, GA US","2018-01-02",,,"0.00",,,,,,,,,,,,,,,,
"US1GADK0049","AVONDALE ESTATES 0.4 ESE, GA US","2018-01-03",,,"0.00",,,,,,,,,,,,,,,,
"US1GADK0049","AVONDALE ESTATES 0.4 ESE, GA US","2018-01-04",,,"0.00",,,,,,,,,,,,,,,,
"US1GADK0049","AVONDALE ESTATES 0.4 ESE, GA US","2018-01-05",,,"0.00",,,,,,,,,,,,,,,,
"US1GADK0049","AVONDALE ESTATES 0.4 ESE, GA US","2018-01-06",,,"0.00",,,,,,,,,,,,,,,,
"US1GADK0049","AVONDALE ESTATES 0.4 ESE, GA US","2018-01-07",,,"0.00",,,,,,,,,,,,,,,,
"US1GADK0049","AVONDALE ESTATES 0.4 ESE, GA US","2018-01-08",,,"0.00",,,,,,,,,,,,,,,,
"US1GADK0049","AVONDALE ESTATES 0.4 ESE, GA US","2018-01-09",,,"0.15",,,,,,,,,,,,,,,,
"US1GADK0049","AVONDALE ESTATES 0.4 ESE, GA US","2018-01-10",,,"0.00",,,,,,,,,,,,,,,,
"US1GADK0049","AVONDALE ESTATES 0.4 ESE, GA US","2018-01-11",,,"0.05",,,,,,,,,,,,,,,,
"US1GADK0049","AVONDALE ESTATES 0.4 ESE, GA US","2018-01-12",,,"0.25",,,,,,,,,,,,,,,,
"US1GADK0049","AVONDALE ESTATES 0.4 ESE, GA US","2018-01-13",,,"0.55",,,,,,,,,,,,,,,,
"US1GADK0049","AVONDALE ESTATES 0.4 ESE, GA US","2018-01-14",,,"0.00",,,,,,,,,,,,,,,,
"US1GADK0049","AVONDALE ESTATES 0.4 ESE, GA US","2018-01-15",,,"0.00",,,,,,,,,,,,,,,,
"US1GADK0049","AVONDALE ESTATES 0.4 ESE, GA US","2018-01-16",,,"0.00",,,,,,,,,,,,,,,,
"US1GADK0049","AVONDALE ESTATES 0.4 ESE, GA US","2018-01-17",,,"0.13",,,,,,,,"0.1",,,,,,,,
"US1GADK0049","AVONDALE ESTATES 0.4 ESE, GA US","2018-01-18",,,"0.00",,,,,,,,,,,,,,,,
"US1GADK0049","AVONDALE ESTATES 0.4 ESE, GA US","2018-01-19",,,"0.00",,,,,,,,,,,,,,,,
"US1GADK0049","AVONDALE ESTATES 0.4 ESE, GA US","2018-01-20",,,"0.00",,,,,,,,,,,,,,,,
"US1GADK0049","AVONDALE ESTATES 0.4 ESE, GA US","2018-01-21",,,"0.00",,,,,,,,,,,,,,,,
"US1GADK0049","AVONDALE ESTATES 0.4 ESE, GA US","2018-01-22",,,"0.00",,,,,,,,,,,,,,,,
"US1GADK0049","AVONDALE ESTATES 0.4 ESE, GA US","2018-01-23",,,"0.65",,,,,,,,,,,,,,,,
"US1GADK0049","AVONDALE ESTATES 0.4 ESE, GA US","2018-01-24",,,"0.00",,,,,,,,,,,,,,,,
"US1GADK0049","AVONDALE ESTATES 0.4 ESE, GA US","2018-01-25",,,"0.00",,,,,,,,,,,,,,,,
"US1GADK0049","AVONDALE ESTATES 0.4 ESE, GA US","2018-01-26",,,"0.00",,,,,,,,,,,,,,,,
"US1GADK0049","AVONDALE ESTATES 0.4 ESE, GA US","2018-01-27",,,"0.00",,,,,,,,,,,,,,,,
"US1GADK0049","AVONDALE ESTATES 0.4 ESE, GA US","2018-01-28",,,"0.34",,,,,,,,,,,,,,,,
"US1GADK0049","AVONDALE ESTATES 0.4 ESE, GA US","2018-01-29",,,"1.18",,,,,,,,,,,,,,,,
"US1GADK0049","AVONDALE ESTATES 0.4 ESE, GA US","2018-01-30",,,"0.00",,,,,,,,,,,,,,,,
"US1GADK0049","AVONDALE ESTATES 0.4 ESE, GA US","2018-01-31",,,"0.00",,,,,,,,,,,,,,,,
"US1GADK0002","TUCKER 2.3 W, GA US","2018-01-01",,,"0.00","0.0",,,,,,,,,,,,,,,
"US1GADK0002","TUCKER 2.3 W, GA US","2018-01-02",,,"0.00","0.0",,,,,,,,,,,,,,,
"US1GADK0002","TUCKER 2.3 W, GA US","2018-01-03",,,"0.00","0.0",,,,,,,,,,,,,,,
"US1GADK0002","TUCKER 2.3 W, GA US","2018-01-04",,,"0.00","0.0",,,,,,,,,,,,,,,
"US1GADK0002","TUCKER 2.3 W, GA US","2018-01-05",,,"0.00","0.0",,,,,,,,,,,,,,,
"US1GADK0002","TUCKER 2.3 W, GA US","2018-01-06",,,"0.00","0.0",,,,,,,,,,,,,,,
"US1GADK0002","TUCKER 2.3 W, GA US","2018-01-07",,,"0.00","0.0",,,,,,,,,,,,,,,
"US1GADK0002","TUCKER 2.3 W, GA US","2018-01-08",,,"0.00","0.0",,,,,,,,,,,,,,,
"US1GADK0002","TUCKER 2.3 W, GA US","2018-01-09",,,"0.20",,,,,,,,,,,,,,,,
"US1GADK0002","TUCKER 2.3 W, GA US","2018-01-10",,,"0.00","0.0",,,,,,,,,,,,,,,
"US1GADK0002","TUCKER 2.3 W, GA US","2018-01-11",,,"0.04",,,,,,,,,,,,,,,,
"US1GADK0002","TUCKER 2.3 W, GA US","2018-01-12",,,"0.22",,,,,,,,,,,,,,,,
"US1GADK0002","TUCKER 2.3 W, GA US","2018-01-13",,,"0.56",,,,,,,,,,,,,,,,
"US1GADK0002","TUCKER 2.3 W, GA US","2018-01-14",,,"0.00","0.0",,,,,,,,,,,,,,,
"US1GADK0002","TUCKER 2.3 W, GA US","2018-01-15",,,"0.00","0.0",,,,,,,,,,,,,,,
"US1GADK0002","TUCKER 2.3 W, GA US","2018-01-16",,,"0.00","0.0",,,,,,,,,,,,,,,
"US1GADK0002","TUCKER 2.3 W, GA US","2018-01-17",,,"0.11","1.5",,,,,,,,"0.1",,,,,,,
"US1GADK0002","TUCKER 2.3 W, GA US","2018-01-18",,,"0.00","0.0",,,,,,,,,,,,,,,
"US1GADK0002","TUCKER 2.3 W, GA US","2018-01-19",,,"0.00","0.0",,,,,,,,,,,,,,,
"US1GADK0002","TUCKER 2.3 W, GA US","2018-01-20",,,"0.00","0.0",,,,,,,,,,,,,,,
"US1GADK0002","TUCKER 2.3 W, GA US","2018-01-21",,,"0.00","0.0",,,,,,,,,,,,,,,
"US1GADK0002","TUCKER 2.3 W, GA US","2018-01-22",,,"0.00","0.0",,,,,,,,,,,,,,,
"US1GADK0002","TUCKER 2.3 W, GA US","2018-01-23",,,"0.49",,,,,,,,,,,,,,,,
"US1GADK0002","TUCKER 2.3 W, GA US","2018-01-24",,,"0.00","0.0",,,,,,,,,,,,,,,
"US1GADK0002","TUCKER 2.3 W, GA US","2018-01-25",,,"0.00","0.0",,,,,,,,,,,,,,,
"US1GADK0002","TUCKER 2.3 W, GA US","2018-01-26",,,"0.00","0.0",,,,,,,,,,,,,,,
"US1GADK0002","TUCKER 2.3 W, GA US","2018-01-27",,,"0.00",,,,,,,,,,,,,,,,
"US1GADK0002","TUCKER 2.3 W, GA US","2018-01-28",,,"0.36",,,,,,,,,,,,,,,,
"US1GADK0002","TUCKER 2.3 W, GA US","2018-01-29",,,"0.86",,,,,,,,,,,,,,,,
"US1GADK0002","TUCKER 2.3 W, GA US","2018-01-30",,,"0.00",,,,,,,,,,,,,,,,
"US1GADK0002","TUCKER 2.3 W, GA US","2018-01-31",,,"0.00",,,,,,,,,,,,,,,,
"US1GADK0046","DECATUR 4.3 NNE, GA US","2018-01-04",,,"0.00",,,,,,,,,,,,,,,,
"US1GADK0046","DECATUR 4.3 NNE, GA US","2018-01-05",,,"0.00","0.0",,,,,,,,,,,,,,,
"US1GADK0046","DECATUR 4.3 NNE, GA US","2018-01-06",,,"0.00","0.0",,,,,,,,,,,,,,,
"US1GADK0046","DECATUR 4.3 NNE, GA US","2018-01-07",,,"0.00",,,,,,,,,,,,,,,,
"US1GADK0046","DECATUR 4.3 NNE, GA US","2018-01-08",,,"0.00",,,,,,,,,,,,,,,,
"US1GADK0046","DECATUR 4.3 NNE, GA US","2018-01-09",,,"0.14",,,,,,,,,,,,,,,,
"US1GADK0046","DECATUR 4.3 NNE, GA US","2018-01-10",,,"0.01",,,,,,,,,,,,,,,,
"US1GADK0046","DECATUR 4.3 NNE, GA US","2018-01-11",,,"0.08",,,,,,,,,,,,,,,,
"US1GADK0046","DECATUR 4.3 NNE, GA US","2018-01-12",,,"0.28",,,,,,,,,,,,,,,,
"US1GADK0046","DECATUR 4.3 NNE, GA US","2018-01-13",,,"0.49",,,,,,,,,,,,,,,,
"US1GADK0046","DECATUR 4.3 NNE, GA US","2018-01-14",,,"0.00",,,,,,,,,,,,,,,,
"US1GADK0046","DECATUR 4.3 NNE, GA US","2018-01-16",,,"0.00",,,,,,,,,,,,,,,,
"US1GADK0046","DECATUR 4.3 NNE, GA US","2018-01-17",,,"0.11","1.8","1.8",,,,,,,,,,,,,,
"US1GADK0046","DECATUR 4.3 NNE, GA US","2018-01-18",,,"0.00","0.0",,,,,,,,,,,,,,,
"US1GADK0046","DECATUR 4.3 NNE, GA US","2018-01-19",,,"0.00",,,,,,,,,,,,,,,,
"US1GADK0046","DECATUR 4.3 NNE, GA US","2018-01-20",,,"0.00","0.0",,,,,,,,,,,,,,,
"US1GADK0046","DECATUR 4.3 NNE, GA US","2018-01-21",,,"0.00","0.0",,,,,,,,,,,,,,,
"US1GADK0046","DECATUR 4.3 NNE, GA US","2018-01-22",,,"0.00","0.0",,,,,,,,,,,,,,,
"US1GADK0046","DECATUR 4.3 NNE, GA US","2018-01-23",,,"0.52",,,,,,,,,,,,,,,,
"US1GADK0046","DECATUR 4.3 NNE, GA US","2018-01-24",,,"0.01",,,,,,,,,,,,,,,,
"US1GADK0046","DECATUR 4.3 NNE, GA US","2018-01-25",,,"0.00",,,,,,,,,,,,,,,,
"US1GADK0046","DECATUR 4.3 NNE, GA US","2018-01-26",,,"0.00",,,,,,,,,,,,,,,,
"US1GADK0046","DECATUR 4.3 NNE, GA US","2018-01-27",,,"0.00",,,,,,,,,,,,,,,,
"US1GADK0046","DECATUR 4.3 NNE, GA US","2018-01-28",,,"0.32",,,,,,,,,,,,,,,,
"US1GADK0046","DECATUR 4.3 NNE, GA US","2018-01-29",,,"0.88",,,,,,,,,,,,,,,,
"US1GADK0046","DECATUR 4.3 NNE, GA US","2018-01-30",,,"0.00",,,,,,,,,,,,,,,,
"US1GADK0046","DECATUR 4.3 NNE, GA US","2018-01-31",,,"0.00",,,,,,,,,,,,,,,,
"US1GAFT0037","ATLANTA 3.2 S, GA US","2018-01-01",,,"0.00","0.0",,,,,,,,,,,,,,,
"US1GAFT0037","ATLANTA 3.2 S, GA US","2018-01-02",,,"0.00","0.0",,,,,,,,,,,,,,,
"US1GAFT0037","ATLANTA 3.2 S, GA US","2018-01-03",,,"0.00","0.0",,,,,,,,,,,,,,,
"US1GAFT0037","ATLANTA 3.2 S, GA US","2018-01-04",,,"0.00","0.0",,,,,,,,,,,,,,,
"US1GAFT0037","ATLANTA 3.2 S, GA US","2018-01-05",,,"0.00","0.0",,,,,,,,,,,,,,,
"US1GAFT0037","ATLANTA 3.2 S, GA US","2018-01-06",,,"0.00","0.0",,,,,,,,,,,,,,,
"US1GAFT0037","ATLANTA 3.2 S, GA US","2018-01-07",,,"0.00","0.0",,,,,,,,,,,,,,,
"US1GAFT0037","ATLANTA 3.2 S, GA US","2018-01-08",,,"0.00","0.0",,,,,,,,,,,,,,,
"US1GAFT0037","ATLANTA 3.2 S, GA US","2018-01-09",,,"0.00","0.0",,,,,,,,,,,,,,,
"US1GAFT0037","ATLANTA 3.2 S, GA US","2018-01-10",,,"0.20","0.0",,,,,,,,,,,,,,,
"US1GAFT0037","ATLANTA 3.2 S, GA US","2018-01-11",,,"0.10",,,,,,,,,,,,,,,,
"US1GAFT0037","ATLANTA 3.2 S, GA US","2018-01-12",,,"0.08",,,,,,,,,,,,,,,,
"US1GAFT0037","ATLANTA 3.2 S, GA US","2018-01-13",,,"0.65",,,,,,,,,,,,,,,,
"US1GAFT0037","ATLANTA 3.2 S, GA US","2018-01-14",,,"0.00","0.0",,,,,,,,,,,,,,,
"US1GAFT0037","ATLANTA 3.2 S, GA US","2018-01-15",,,"0.00","0.0",,,,,,,,,,,,,,,
"US1GAFT0037","ATLANTA 3.2 S, GA US","2018-01-16",,,"0.00","0.0",,,,,,,,,,,,,,,
"US1GAFT0037","ATLANTA 3.2 S, GA US","2018-01-17",,,"0.00","0.0",,,,,,,,,,,,,,,
"US1GAFT0037","ATLANTA 3.2 S, GA US","2018-01-18",,,"0.00","0.0",,,,,,,,,,,,,,,
"US1GAFT0037","ATLANTA 3.2 S, GA US","2018-01-19",,,"0.00","0.0",,,,,,,,,,,,,,,
"US1GAFT0037","ATLANTA 3.2 S, GA US","2018-01-20",,,"0.00","0.0",,,,,,,,,,,,,,,
"US1GAFT0037","ATLANTA 3.2 S, GA US","2018-01-21",,,"0.00","0.0",,,,,,,,,,,,,,,
"US1GAFT0037","ATLANTA 3.2 S, GA US","2018-01-22",,,"0.00","0.0",,,,,,,,,,,,,,,
"US1GAFT0037","ATLANTA 3.2 S, GA US","2018-01-23",,,"0.86",,,,,,,,,,,,,,,,
"US1GAFT0037","ATLANTA 3.2 S, GA US","2018-01-24",,,"0.00","0.0",,,,,,,,,,,,,,,
"US1GAFT0037","ATLANTA 3.2 S, GA US","2018-01-25",,,"0.00","0.0",,,,,,,,,,,,,,,
"US1GAFT0037","ATLANTA 3.2 S, GA US","2018-01-26",,,"0.00","0.0",,,,,,,,,,,,,,,
"US1GAFT0037","ATLANTA 3.2 S, GA US","2018-01-27",,,"0.00","0.0",,,,,,,,,,,,,,,
"US1GAFT0037","ATLANTA 3.2 S, GA US","2018-01-28",,,"0.48",,,,,,,,,,,,,,,,
"US1GAFT0037","ATLANTA 3.2 S, GA US","2018-01-29",,,"1.08",,,,,,,,,,,,,,,,
"US1GAFT0037","ATLANTA 3.2 S, GA US","2018-01-30",,,"0.00","0.0",,,,,,,,,,,,,,,
"US1GAFT0037","ATLANTA 3.2 S, GA US","2018-01-31",,,"0.00","0.0",,,,,,,,,,,,,,,
"US1GADK0009","NORTH DECATUR 2.6 N, GA US","2018-01-01",,,"0.00","0.0",,,,,,,,,,,,,,,
"US1GADK0009","NORTH DECATUR 2.6 N, GA US","2018-01-02",,,"0.00","0.0",,,,,,,,,,,,,,,
"US1GADK0009","NORTH DECATUR 2.6 N, GA US","2018-01-03",,,"0.00","0.0",,,,,,,,,,,,,,,
"US1GADK0009","NORTH DECATUR 2.6 N, GA US","2018-01-04",,,"0.00","0.0",,,,,,,,,,,,,,,
"US1GADK0009","NORTH DECATUR 2.6 N, GA US","2018-01-05",,,"0.00","0.0",,,,,,,,,,,,,,,
"US1GADK0009","NORTH DECATUR 2.6 N, GA US","2018-01-06",,,"0.00","0.0",,,,,,,,,,,,,,,
"US1GADK0009","NORTH DECATUR 2.6 N, GA US","2018-01-07",,,"0.00","0.0",,,,,,,,,,,,,,,
"US1GADK0009","NORTH DECATUR 2.6 N, GA US","2018-01-08",,,"0.00","0.0",,,,,,,,,,,,,,,
"US1GADK0009","NORTH DECATUR 2.6 N, GA US","2018-01-09",,,"0.15",,,,,,,,,,,,,,,,
"US1GADK0009","NORTH DECATUR 2.6 N, GA US","2018-01-10",,,"0.00","0.0",,,,,,,,,,,,,,,
"US1GADK0009","NORTH DECATUR 2.6 N, GA US","2018-01-11",,,"0.06",,,,,,,,,,,,,,,,
"US1GADK0009","NORTH DECATUR 2.6 N, GA US","2018-01-12",,,"0.24",,,,,,,,,,,,,,,,
"US1GADK0009","NORTH DECATUR 2.6 N, GA US","2018-01-13",,,"0.54",,,,,,,,,,,,,,,,
"US1GADK0009","NORTH DECATUR 2.6 N, GA US","2018-01-14",,,"0.00","0.0",,,,,,,,,,,,,,,
"US1GADK0009","NORTH DECATUR 2.6 N, GA US","2018-01-15",,,"0.00","0.0",,,,,,,,,,,,,,,
"US1GADK0009","NORTH DECATUR 2.6 N, GA US","2018-01-16",,,"0.00","0.0",,,,,,,,,,,,,,,
"US1GADK0009","NORTH DECATUR 2.6 N, GA US","2018-01-17",,,"0.11","1.6",,,,,,,,"0.1",,,,,,,
"US1GADK0009","NORTH DECATUR 2.6 N, GA US","2018-01-18",,,"0.00","0.0",,,,,,,,,,,,,,,
"US1GADK0009","NORTH DECATUR 2.6 N, GA US","2018-01-19",,,"0.00","0.0",,,,,,,,,,,,,,,
"US1GADK0009","NORTH DECATUR 2.6 N, GA US","2018-01-20",,,"0.00","0.0",,,,,,,,,,,,,,,
"US1GADK0009","NORTH DECATUR 2.6 N, GA US","2018-01-21",,,"0.00","0.0",,,,,,,,,,,,,,,
"US1GADK0009","NORTH DECATUR 2.6 N, GA US","2018-01-22",,,"0.00","0.0",,,,,,,,,,,,,,,
"US1GADK0009","NORTH DECATUR 2.6 N, GA US","2018-01-23",,,"0.53",,,,,,,,,,,,,,,,
"US1GADK0009","NORTH DECATUR 2.6 N, GA US","2018-01-24",,,"0.00","0.0",,,,,,,,,,,,,,,
"US1GADK0009","NORTH DECATUR 2.6 N, GA US","2018-01-25",,,"0.00","0.0",,,,,,,,,,,,,,,
"US1GADK0009","NORTH DECATUR 2.6 N, GA US","2018-01-26",,,"0.00","0.0",,,,,,,,,,,,,,,
"US1GADK0009","NORTH DECATUR 2.6 N, GA US","2018-01-27",,,"0.00","0.0",,,,,,,,,,,,,,,
"US1GADK0009","NORTH DECATUR 2.6 N, GA US","2018-01-28",,,"0.42",,,,,,,,,,,,,,,,
"US1GADK0009","NORTH DECATUR 2.6 N, GA US","2018-01-29",,,"0.93",,,,,,,,,,,,,,,,
"US1GADK0009","NORTH DECATUR 2.6 N, GA US","2018-01-30",,,"0.00","0.0",,,,,,,,,,,,,,,
"US1GADK0009","NORTH DECATUR 2.6 N, GA US","2018-01-31",,,"0.00","0.0",,,,,,,,,,,,,,,
"US1GAHY0007","ELLENWOOD 2.5 NE, GA US","2018-01-01",,,"0.00","0.0",,,,,,,,,,,,,,,
"US1GAHY0007","ELLENWOOD 2.5 NE, GA US","2018-01-02",,,"0.00","0.0",,,,,,,,,,,,,,,
"US1GAHY0007","ELLENWOOD 2.5 NE, GA US","2018-01-03",,,"0.00","0.0",,,,,,,,,,,,,,,
"US1GAHY0007","ELLENWOOD 2.5 NE, GA US","2018-01-04",,,"0.00","0.0",,,,,,,,,,,,,,,
"US1GAHY0007","ELLENWOOD 2.5 NE, GA US","2018-01-05",,,"0.00","0.0",,,,,,,,,,,,,,,
"US1GAHY0007","ELLENWOOD 2.5 NE, GA US","2018-01-07",,,"0.00","0.0",,,,,,,,,,,,,,,
"US1GAHY0007","ELLENWOOD 2.5 NE, GA US","2018-01-08",,,"0.00","0.0",,,,,,,,,,,,,,,
"US1GAHY0007","ELLENWOOD 2.5 NE, GA US","2018-01-09",,,"0.00","0.0",,,,,,,,,,,,,,,
"US1GAHY0007","ELLENWOOD 2.5 NE, GA US","2018-01-10",,,"0.00","0.0",,,,,,,,,,,,,,,
"US1GAHY0007","ELLENWOOD 2.5 NE, GA US","2018-01-11",,,"0.03",,,,,,,,,,,,,,,,
"US1GAHY0007","ELLENWOOD 2.5 NE, GA US","2018-01-12",,,"0.23",,,,,,,,,,,,,,,,
"US1GAHY0007","ELLENWOOD 2.5 NE, GA US","2018-01-13",,,"0.32",,,,,,,,,,,,,,,,
"US1GAHY0007","ELLENWOOD 2.5 NE, GA US","2018-01-14",,,"0.00","0.0",,,,,,,,,,,,,,,
"US1GAHY0007","ELLENWOOD 2.5 NE, GA US","2018-01-16",,,"0.00","0.0",,,,,,,,,,,,,,,
"US1GAHY0007","ELLENWOOD 2.5 NE, GA US","2018-01-17",,,,"1.5","1.5",,,,,,,,,,,,,,
"US1GAHY0007","ELLENWOOD 2.5 NE, GA US","2018-01-18",,,"0.00","0.0",,,,,,,,,,,,,,,
"US1GAHY0007","ELLENWOOD 2.5 NE, GA US","2018-01-19",,,"0.00","0.0",,,,,,,,,,,,,,,
"US1GAHY0007","ELLENWOOD 2.5 NE, GA US","2018-01-20",,,"0.00","0.0",,,,,,,,,,,,,,,
"US1GAHY0007","ELLENWOOD 2.5 NE, GA US","2018-01-21",,,"0.00","0.0",,,,,,,,,,,,,,,
"US1GAHY0007","ELLENWOOD 2.5 NE, GA US","2018-01-22",,,"0.00","0.0",,,,,,,,,,,,,,,
"US1GAHY0007","ELLENWOOD 2.5 NE, GA US","2018-01-23",,,"0.69",,,,,,,,,,,,,,,,
"US1GAHY0007","ELLENWOOD 2.5 NE, GA US","2018-01-24",,,"0.00","0.0",,,,,,,,,,,,,,,
"US1GAHY0007","ELLENWOOD 2.5 NE, GA US","2018-01-25",,,"0.00","0.0",,,,,,,,,,,,,,,
"US1GAHY0007","ELLENWOOD 2.5 NE, GA US","2018-01-26",,,"0.00","0.0",,,,,,,,,,,,,,,
"US1GAHY0007","ELLENWOOD 2.5 NE, GA US","2018-01-27",,,"0.00","0.0",,,,,,,,,,,,,,,
"US1GAHY0007","ELLENWOOD 2.5 NE, GA US","2018-01-28",,,"0.31",,,,,,,,,,,,,,,,
"US1GAHY0007","ELLENWOOD 2.5 NE, GA US","2018-01-29",,,"1.65",,,,,,,,,,,,,,,,
"US1GAHY0007","ELLENWOOD 2.5 NE, GA US","2018-01-30",,,"0.00","0.0",,,,,,,,,,,,,,,
"US1GAHY0007","ELLENWOOD 2.5 NE, GA US","2018-01-31",,,"0.00","0.0",,,,,,,,,,,,,,,
"US1GADK0028","ATLANTA 3.5 ENE, GA US","2018-01-01",,,"0.00",,,,,,,,,,,,,,,,
"US1GADK0028","ATLANTA 3.5 ENE, GA US","2018-01-02",,,"0.00",,,,,,,,,,,,,,,,
"US1GADK0028","ATLANTA 3.5 ENE, GA US","2018-01-03",,,"0.00",,,,,,,,,,,,,,,,
"US1GADK0028","ATLANTA 3.5 ENE, GA US","2018-01-04",,,"0.00",,,,,,,,,,,,,,,,
"US1GADK0028","ATLANTA 3.5 ENE, GA US","2018-01-05",,,"0.00",,,,,,,,,,,,,,,,
"US1GADK0028","ATLANTA 3.5 ENE, GA US","2018-01-06",,,"0.00",,,,,,,,,,,,,,,,
"US1GADK0028","ATLANTA 3.5 ENE, GA US","2018-01-07",,,"0.00",,,,,,,,,,,,,,,,
"US1GADK0028","ATLANTA 3.5 ENE, GA US","2018-01-08",,,"0.00",,,,,,,,,,,,,,,,
"US1GADK0028","ATLANTA 3.5 ENE, GA US","2018-01-09",,,"0.18",,,,,,,,,,,,,,,,
"US1GADK0028","ATLANTA 3.5 ENE, GA US","2018-01-10",,,"0.01",,,,,,,,,,,,,,,,
"US1GADK0028","ATLANTA 3.5 ENE, GA US","2018-01-11",,,"0.09",,,,,,,,,,,,,,,,
"US1GADK0028","ATLANTA 3.5 ENE, GA US","2018-01-12",,,"0.06",,,,,,,,,,,,,,,,
"US1GADK0028","ATLANTA 3.5 ENE, GA US","2018-01-14",,,"0.00",,,,,,,,,,,,,,,,
"US1GADK0028","ATLANTA 3.5 ENE, GA US","2018-01-15",,,"0.00",,,,,,,,,,,,,,,,
"US1GADK0028","ATLANTA 3.5 ENE, GA US","2018-01-23",,,"0.76",,,,,,,,,,,,,,,,
"US1GADK0028","ATLANTA 3.5 ENE, GA US","2018-01-24",,,"0.00",,,,,,,,,,,,,,,,
"US1GADK0028","ATLANTA 3.5 ENE, GA US","2018-01-25",,,"0.00",,,,,,,,,,,,,,,,
"US1GADK0028","ATLANTA 3.5 ENE, GA US","2018-01-26",,,"0.00",,,,,,,,,,,,,,,,
"US1GADK0028","ATLANTA 3.5 ENE, GA US","2018-01-27",,,"0.00",,,,,,,,,,,,,,,,
"US1GADK0028","ATLANTA 3.5 ENE, GA US","2018-01-28",,,"0.38",,,,,,,,,,,,,,,,
"US1GADK0028","ATLANTA 3.5 ENE, GA US","2018-01-29",,,"1.07",,,,,,,,,,,,,,,,
"US1GADK0028","ATLANTA 3.5 ENE, GA US","2018-01-30",,,"0.00",,,,,,,,,,,,,,,,
"US1GADK0028","ATLANTA 3.5 ENE, GA US","2018-01-31",,,"0.00",,,,,,,,,,,,,,,,
"US1GADK0007","NORTH DECATUR 3.0 NNE, GA US","2018-01-01",,,"0.00","0.0",,,,,,,,,,,,,,,
"US1GADK0007","NORTH DECATUR 3.0 NNE, GA US","2018-01-02",,,"0.00","0.0",,,,,,,,,,,,,,,
"US1GADK0007","NORTH DECATUR 3.0 NNE, GA US","2018-01-03",,,"0.00","0.0",,,,,,,,,,,,,,,
"US1GADK0007","NORTH DECATUR 3.0 NNE, GA US","2018-01-04",,,"0.00","0.0",,,,,,,,,,,,,,,
"US1GADK0007","NORTH DECATUR 3.0 NNE, GA US","2018-01-05",,,"0.00","0.0",,,,,,,,,,,,,,,
"US1GADK0007","NORTH DECATUR 3.0 NNE, GA US","2018-01-06",,,"0.00","0.0",,,,,,,,,,,,,,,
"US1GADK0007","NORTH DECATUR 3.0 NNE, GA US","2018-01-07",,,"0.00","0.0",,,,,,,,,,,,,,,
"US1GADK0007","NORTH DECATUR 3.0 NNE, GA US","2018-01-08",,,"0.00","0.0",,,,,,,,,,,,,,,
"US1GADK0007","NORTH DECATUR 3.0 NNE, GA US","2018-01-09",,,"0.28",,,,,,,,,,,,,,,,
"US1GADK0007","NORTH DECATUR 3.0 NNE, GA US","2018-01-10",,,"0.00","0.0",,,,,,,,,,,,,,,
"US1GADK0007","NORTH DECATUR 3.0 NNE, GA US","2018-01-11",,,"0.03",,,,,,,,,,,,,,,,
"US1GADK0007","NORTH DECATUR 3.0 NNE, GA US","2018-01-12",,,"0.30",,,,,,,,,,,,,,,,
"US1GADK0007","NORTH DECATUR 3.0 NNE, GA US","2018-01-13",,,"0.59",,,,,,,,,,,,,,,,
"US1GADK0007","NORTH DECATUR 3.0 NNE, GA US","2018-01-14",,,"0.00","0.0",,,,,,,,,,,,,,,
"US1GADK0007","NORTH DECATUR 3.0 NNE, GA US","2018-01-15",,,"0.00","0.0",,,,,,,,,,,,,,,
"US1GADK0007","NORTH DECATUR 3.0 NNE, GA US","2018-01-16",,,"0.00","0.0",,,,,,,,,,,,,,,
"US1GADK0007","NORTH DECATUR 3.0 NNE, GA US","2018-01-17",,,"0.13","1.3",,,,,,,,,,,,,,,
"US1GADK0007","NORTH DECATUR 3.0 NNE, GA US","2018-01-18",,,"0.00","0.0",,,,,,,,,,,,,,,
"US1GADK0007","NORTH DECATUR 3.0 NNE, GA US","2018-01-19",,,"0.00","0.0",,,,,,,,,,,,,,,
"US1GADK0007","NORTH DECATUR 3.0 NNE, GA US","2018-01-20",,,"0.00","0.0",,,,,,,,,,,,,,,
"US1GADK0007","NORTH DECATUR 3.0 NNE, GA US","2018-01-21",,,"0.00","0.0",,,,,,,,,,,,,,,
"US1GADK0007","NORTH DECATUR 3.0 NNE, GA US","2018-01-22",,,"0.00","0.0",,,,,,,,,,,,,,,
"US1GADK0007","NORTH DECATUR 3.0 NNE, GA US","2018-01-23",,,"0.55",,,,,,,,,,,,,,,,
"US1GADK0007","NORTH DECATUR 3.0 NNE, GA US","2018-01-24",,,"0.00","0.0",,,,,,,,,,,,,,,
"US1GADK0007","NORTH DECATUR 3.0 NNE, GA US","2018-01-25",,,"0.00","0.0",,,,,,,,,,,,,,,
"US1GADK0007","NORTH DECATUR 3.0 NNE, GA US","2018-01-26",,,"0.00","0.0",,,,,,,,,,,,,,,
"US1GADK0007","NORTH DECATUR 3.0 NNE, GA US","2018-01-27",,,"0.00","0.0",,,,,,,,,,,,,,,
"US1GADK0007","NORTH DECATUR 3.0 NNE, GA US","2018-01-28",,,"0.41",,,,,,,,,,,,,,,,
"US1GADK0007","NORTH DECATUR 3.0 NNE, GA US","2018-01-29",,,"0.92",,,,,,,,,,,,,,,,
"US1GADK0007","NORTH DECATUR 3.0 NNE, GA US","2018-01-30",,,"0.00","0.0",,,,,,,,,,,,,,,
"US1GADK0007","NORTH DECATUR 3.0 NNE, GA US","2018-01-31",,,"0.00","0.0",,,,,,,,,,,,,,,
"US1GACB0037","SMYRNA 0.4 NE, GA US","2018-01-01",,,"0.00","0.0",,,,,,,,,,,,,,,
"US1GACB0037","SMYRNA 0.4 NE, GA US","2018-01-02",,,"0.00","0.0",,,,,,,,,,,,,,,
"US1GACB0037","SMYRNA 0.4 NE, GA US","2018-01-03",,,"0.00","0.0",,,,,,,,,,,,,,,
"US1GACB0037","SMYRNA 0.4 NE, GA US","2018-01-04",,,"0.00","0.0",,,,,,,,,,,,,,,
"US1GACB0037","SMYRNA 0.4 NE, GA US","2018-01-05",,,"0.00","0.0",,,,,,,,,,,,,,,
"US1GACB0037","SMYRNA 0.4 NE, GA US","2018-01-11",,,"0.02",,,,,,,,,,,,,,,,
"US1GACB0037","SMYRNA 0.4 NE, GA US","2018-01-12",,,"0.20",,,,,,,,,,,,,,,,
"US1GACB0037","SMYRNA 0.4 NE, GA US","2018-01-13",,,"0.62",,,,,,,,,,,,,,,,
"US1GACB0037","SMYRNA 0.4 NE, GA US","2018-01-24",,,"0.00","0.0",,,,,,,,,,,,,,,
"US1GACB0037","SMYRNA 0.4 NE, GA US","2018-01-25",,,"0.00","0.0",,,,,,,,,,,,,,,
"US1GACB0037","SMYRNA 0.4 NE, GA US","2018-01-26",,,"0.00","0.0",,,,,,,,,,,,,,,
"US1GACB0037","SMYRNA 0.4 NE, GA US","2018-01-27",,,"0.00","0.0",,,,,,,,,,,,,,,
"US1GACB0037","SMYRNA 0.4 NE, GA US","2018-01-28",,,"0.35",,,,,,,,,,,,,,,,
"US1GACB0037","SMYRNA 0.4 NE, GA US","2018-01-29",,,"0.85",,,,,,,,,,,,,,,,
"US1GACB0037","SMYRNA 0.4 NE, GA US","2018-01-30",,,"0.00","0.0",,,,,,,,,,,,,,,
"US1GACB0037","SMYRNA 0.4 NE, GA US","2018-01-31",,,"0.00","0.0",,,,,,,,,,,,,,,
"USC00092753","DORAVILLE, GA US","2018-01-01",,,"0.00","0.0","0.0",,,,,,,,,,,,,,
"USC00092753","DORAVILLE, GA US","2018-01-02",,,"0.00","0.0","0.0",,,,,,,,,,,,,,
"USC00092753","DORAVILLE, GA US","2018-01-03",,,"0.00","0.0","0.0",,,,,,,,,,,,,,
"USC00092753","DORAVILLE, GA US","2018-01-04",,,"0.00","0.0","0.0",,,,,,,,,,,,,,
"USC00092753","DORAVILLE, GA US","2018-01-05",,,"0.00","0.0","0.0",,,,,,,,,,,,,,
"USC00092753","DORAVILLE, GA US","2018-01-06",,,"0.00","0.0","0.0",,,,,,,,,,,,,,
"USC00092753","DORAVILLE, GA US","2018-01-07",,,"0.00","0.0","0.0",,,,,,,,,,,,,,
"USC00092753","DORAVILLE, GA US","2018-01-08",,,"0.00","0.0","0.0",,,,,,,,,,,,,,
"USC00092753","DORAVILLE, GA US","2018-01-09",,,"0.16","0.0","0.0",,,,,,,,,,,,,,
"USC00092753","DORAVILLE, GA US","2018-01-10",,,"0.00","0.0","0.0",,,,,,,,,,,,,,
"USC00092753","DORAVILLE, GA US","2018-01-11",,,"0.11","0.0","0.0",,,,,,,,,,,,,,
"USC00092753","DORAVILLE, GA US","2018-01-12",,,"0.30","0.0","0.0",,,,,,,,,,,,,,
"USC00092753","DORAVILLE, GA US","2018-01-13",,,"0.45","0.0","0.0",,,,,,,,,,,,,,
"USC00092753","DORAVILLE, GA US","2018-01-14",,,"0.00","0.0","0.0",,,,,,,,,,,,,,
"USC00092753","DORAVILLE, GA US","2018-01-15",,,"0.00","0.0","0.0",,,,,,,,,,,,,,
"USC00092753","DORAVILLE, GA US","2018-01-16",,,"0.03","0.0","0.0",,,,,,,,,,,,,,
"USC00092753","DORAVILLE, GA US","2018-01-17",,,"0.00","0.0","0.0",,,,,,,,,,,,,,
"USC00092753","DORAVILLE, GA US","2018-01-18",,,"0.10","0.7","1.0",,,,,,,,,,,,,,
"USC00092753","DORAVILLE, GA US","2018-01-19",,,"0.04","0.0","0.0",,,,,,,,,,,,,,
"USC00092753","DORAVILLE, GA US","2018-01-20",,,"0.00","0.0","0.0",,,,,,,,,,,,,,
"USC00092753","DORAVILLE, GA US","2018-01-21",,,"0.00","0.0","0.0",,,,,,,,,,,,,,
"USC00092753","DORAVILLE, GA US","2018-01-22",,,"0.00","0.0","0.0",,,,,,,,,,,,,,
"USC00092753","DORAVILLE, GA US","2018-01-23",,,"0.35","0.0","0.0",,,,,,,,,,,,,,
"USC00092753","DORAVILLE, GA US","2018-01-24",,,"0.00","0.0","0.0",,,,,,,,,,,,,,
"USC00092753","DORAVILLE, GA US","2018-01-25",,,"0.00","0.0","0.0",,,,,,,,,,,,,,
"USC00092753","DORAVILLE, GA US","2018-01-26",,,"0.00","0.0","0.0",,,,,,,,,,,,,,
"USC00092753","DORAVILLE, GA US","2018-01-27",,,"0.00","0.0","0.0",,,,,,,,,,,,,,
"USC00092753","DORAVILLE, GA US","2018-01-28",,,"0.37","0.0","0.0",,,,,,,,,,,,,,
"USC00092753","DORAVILLE, GA US","2018-01-29",,,"0.83","0.0","0.0",,,,,,,,,,,,,,
"USC00092753","DORAVILLE, GA US","2018-01-30",,,"0.00","0.0","0.0",,,,,,,,,,,,,,
"USC00092753","DORAVILLE, GA US","2018-01-31",,,"0.00","0.0","0.0",,,,,,,,,,,,,,
"US1GACB0016","MARIETTA 8.3 NE, GA US","2018-01-01",,,"0.00",,,,,,,,,,,,,,,,
"US1GACB0016","MARIETTA 8.3 NE, GA US","2018-01-02",,,"0.00",,,,,,,,,,,,,,,,
"US1GACB0016","MARIETTA 8.3 NE, GA US","2018-01-03",,,"0.00",,,,,,,,,,,,,,,,
"US1GACB0016","MARIETTA 8.3 NE, GA US","2018-01-04",,,"0.00",,,,,,,,,,,,,,,,
"US1GACB0016","MARIETTA 8.3 NE, GA US","2018-01-05",,,"0.00",,,,,,,,,,,,,,,,
"US1GACB0016","MARIETTA 8.3 NE, GA US","2018-01-06",,,"0.00",,,,,,,,,,,,,,,,
"US1GACB0016","MARIETTA 8.3 NE, GA US","2018-01-07",,,"0.00",,,,,,,,,,,,,,,,
"US1GACB0016","MARIETTA 8.3 NE, GA US","2018-01-08",,,"0.00",,,,,,,,,,,,,,,,
"US1GACB0016","MARIETTA 8.3 NE, GA US","2018-01-09",,,"0.24",,,,,,,,,,,,,,,,
"US1GACB0016","MARIETTA 8.3 NE, GA US","2018-01-10",,,"0.00",,,,,,,,,,,,,,,,
"US1GACB0016","MARIETTA 8.3 NE, GA US","2018-01-11",,,"0.02",,,,,,,,,,,,,,,,
"US1GACB0016","MARIETTA 8.3 NE, GA US","2018-01-12",,,"0.07",,,,,,,,,,,,,,,,
"US1GACB0016","MARIETTA 8.3 NE, GA US","2018-01-13",,,"0.76",,,,,,,,,,,,,,,,
"US1GACB0016","MARIETTA 8.3 NE, GA US","2018-01-14",,,"0.00",,,,,,,,,,,,,,,,
"US1GACB0016","MARIETTA 8.3 NE, GA US","2018-01-15",,,"0.00",,,,,,,,,,,,,,,,
"US1GACB0016","MARIETTA 8.3 NE, GA US","2018-01-16",,,"0.00",,,,,,,,,,,,,,,,
"US1GACB0016","MARIETTA 8.3 NE, GA US","2018-01-17",,,"0.09","1.3",,,,,,,,"0.1",,,,,,,
"US1GACB0016","MARIETTA 8.3 NE, GA US","2018-01-18",,,"0.00",,,,,,,,,,,,,,,,
"US1GACB0016","MARIETTA 8.3 NE, GA US","2018-01-19",,,"0.00",,,,,,,,,,,,,,,,
"US1GACB0016","MARIETTA 8.3 NE, GA US","2018-01-20",,,"0.00",,,,,,,,,,,,,,,,
"US1GACB0016","MARIETTA 8.3 NE, GA US","2018-01-21",,,"0.00",,,,,,,,,,,,,,,,
"US1GACB0016","MARIETTA 8.3 NE, GA US","2018-01-22",,,"0.00",,,,,,,,,,,,,,,,
"US1GACB0016","MARIETTA 8.3 NE, GA US","2018-01-23",,,"0.30",,,,,,,,,,,,,,,,
"US1GACB0016","MARIETTA 8.3 NE, GA US","2018-01-24",,,"0.00",,,,,,,,,,,,,,,,
"US1GACB0016","MARIETTA 8.3 NE, GA US","2018-01-25",,,"0.00",,,,,,,,,,,,,,,,
"US1GACB0016","MARIETTA 8.3 NE, GA US","2018-01-26",,,"0.00",,,,,,,,,,,,,,,,
"US1GACB0016","MARIETTA 8.3 NE, GA US","2018-01-27",,,"0.00",,,,,,,,,,,,,,,,
"US1GACB0016","MARIETTA 8.3 NE, GA US","2018-01-28",,,"0.31",,,,,,,,,,,,,,,,
"US1GACB0016","MARIETTA 8.3 NE, GA US","2018-01-29",,,"1.08",,,,,,,,,,,,,,,,
"US1GACB0016","MARIETTA 8.3 NE, GA US","2018-01-30",,,"0.00",,,,,,,,,,,,,,,,
"US1GACB0016","MARIETTA 8.3 NE, GA US","2018-01-31",,,"0.00",,,,,,,,,,,,,,,,
"US1GADK0041","DECATUR 2.6 NE, GA US","2018-01-08",,,"0.00",,,,,,,,,,,,,,,,
"US1GADK0041","DECATUR 2.6 NE, GA US","2018-01-09",,,"0.12",,,,,,,,,,,,,,,,
"US1GADK0041","DECATUR 2.6 NE, GA US","2018-01-11",,,"0.20",,,,,,,,,,,,,,,,
"US1GADK0041","DECATUR 2.6 NE, GA US","2018-01-12",,,"0.67",,,,,,,,,,,,,,,,
"US1GADK0041","DECATUR 2.6 NE, GA US","2018-01-17",,,,"1.3","1.3",,,,,,"0.0","0.0",,,,,,,
"US1GADK0041","DECATUR 2.6 NE, GA US","2018-01-23",,,"0.78",,,,,,,,,,,,,,,,
"US1GADK0041","DECATUR 2.6 NE, GA US","2018-01-28",,,"0.73",,,,,,,,,,,,,,,,
"US1GADK0041","DECATUR 2.6 NE, GA US","2018-01-29",,,"0.76",,,,,,,,,,,,,,,,
"USW00053863","ATLANTA DEKALB PEACHTREE AIRPORT, GA US","2018-01-01","10.29",,"0.00","0.0","0.0",,"28","16","  320","  320",,,"17.0","21.9",,,,,
"USW00053863","ATLANTA DEKALB PEACHTREE AIRPORT, GA US","2018-01-02","2.91",,"0.00","0.0","0.0",,"36","11","  360","  340",,,"8.9","12.1",,,,,
"USW00053863","ATLANTA DEKALB PEACHTREE AIRPORT, GA US","2018-01-03","5.59",,"0.00","0.0","0.0",,"37","24","  300","  300",,,"16.1","25.1",,,,,
"USW00053863","ATLANTA DEKALB PEACHTREE AIRPORT, GA US","2018-01-04","14.99",,"0.00","0.0","0.0",,"33","19","  310","  320",,,"23.9","35.1",,,,,
"USW00053863","ATLANTA DEKALB PEACHTREE AIRPORT, GA US","2018-01-05","10.51",,"0.00","0.0","0.0",,"34","16","  270","  280",,,"19.9","25.9",,,,,
"USW00053863","ATLANTA DEKALB PEACHTREE AIRPORT, GA US","2018-01-06","7.61",,"0.00","0.0","0.0",,"38","20","  310","  290",,,"17.0","21.9",,,,,
"USW00053863","ATLANTA DEKALB PEACHTREE AIRPORT, GA US","2018-01-07","5.14",,"0.00","0.0","0.0",,"38","16","  100","  110",,,"12.1","17.0",,,,,
"USW00053863","ATLANTA DEKALB PEACHTREE AIRPORT, GA US","2018-01-08","3.80",,"0.10","0.0","0.0",,"38","29","   70","   60",,,"8.9","13.0","    1",,,,
"USW00053863","ATLANTA DEKALB PEACHTREE AIRPORT, GA US","2018-01-09","2.68",,"0.00","0.0","0.0",,"63","36","   40","   30",,,"8.1","12.1","    1",,,,"    1"
"USW00053863","ATLANTA DEKALB PEACHTREE AIRPORT, GA US","2018-01-10","5.14",,"0.00","0.0","0.0",,"64","52","  130","  140",,,"16.1","21.9","    1",,,,"    1"
"USW00053863","ATLANTA DEKALB PEACHTREE AIRPORT, GA US","2018-01-11","3.80",,"0.21","0.0","0.0",,"57","50","   80","   90",,,"12.1","19.9","    1","    1",,,
"USW00053863","ATLANTA DEKALB PEACHTREE AIRPORT, GA US","2018-01-12","11.41",,"0.51","0.0","0.0",,"60","27","  290","  290",,,"25.9","35.1","    1","    1",,,
"USW00053863","ATLANTA DEKALB PEACHTREE AIRPORT, GA US","2018-01-13","16.55",,"0.00","0.0","0.0",,"35","22","  320","  320",,,"29.1","35.1",,,,,
"USW00053863","ATLANTA DEKALB PEACHTREE AIRPORT, GA US","2018-01-14","3.80",,"0.00","0.0","0.0",,"40","17","  300","  340",,,"13.0","17.0",,,,,
"USW00053863","ATLANTA DEKALB PEACHTREE AIRPORT, GA US","2018-01-15","2.68",,"0.00","0.0","0.0",,"46","23","  200","  200",,,"8.9","13.0",,,,,
"USW00053863","ATLANTA DEKALB PEACHTREE AIRPORT, GA US","2018-01-16","6.26",,"0.00",,"0.0",,"50","24","  310","  310",,,"19.9","23.9","    1",,,,"    1"
"USW00053863","ATLANTA DEKALB PEACHTREE AIRPORT, GA US","2018-01-17","15.21",,"0.01",,"0.0",,"25","12","  310","  310",,,"25.9","36.0","    1",,,,
"USW00053863","ATLANTA DEKALB PEACHTREE AIRPORT, GA US","2018-01-18","9.40",,"0.00","0.0",,,"40","14","  280","  320",,,"14.1","19.9",,,,,
"USW00053863","ATLANTA DEKALB PEACHTREE AIRPORT, GA US","2018-01-19","4.70",,"0.00","0.0","0.0",,"52","24","  280","  320",,,"13.0","16.1",,,,,
"USW00053863","ATLANTA DEKALB PEACHTREE AIRPORT, GA US","2018-01-20","3.58",,"0.00","0.0","0.0",,"60","23","  300","  300",,,"15.0","21.0",,,,,
"USW00053863","ATLANTA DEKALB PEACHTREE AIRPORT, GA US","2018-01-21","1.57",,"0.00","0.0","0.0",,"68","31","  210","  200",,,"10.1","14.1","    1",,,,
"USW00053863","ATLANTA DEKALB PEACHTREE AIRPORT, GA US","2018-01-22","4.92",,"0.41","0.0","0.0",,"61","40","  200","  200",,,"17.0","23.0","    1",,,,
"USW00053863","ATLANTA DEKALB PEACHTREE AIRPORT, GA US","2018-01-23","12.30"," 0302","0.00",,,,"61","40","  310","  270",,,"21.0","32.0",,,,,
"USW00053863","ATLANTA DEKALB PEACHTREE AIRPORT, GA US","2018-01-24","9.62"," 1539","0.00",,,,"52","34","  290","  310",,,"19.9","29.1",,,,,
"USW00053863","ATLANTA DEKALB PEACHTREE AIRPORT, GA US","2018-01-25","2.24"," 1120","0.00",,,,"57","27","  310","  360",,,"8.9","11.0",,,,,
"USW00053863","ATLANTA DEKALB PEACHTREE AIRPORT, GA US","2018-01-26","3.13"," 1328","0.00",,,,"57","29","  130","  140",,,"12.1","17.0",,,,,
"USW00053863","ATLANTA DEKALB PEACHTREE AIRPORT, GA US","2018-01-27","3.80"," 1132","0.15",,,,"57","47","  170","  120",,,"8.1","13.0",,,,,
"USW00053863","ATLANTA DEKALB PEACHTREE AIRPORT, GA US","2018-01-28","2.91"," 1318","1.00",,,,"54","50","   20","   20",,,"8.1","11.0",,,,,
"USW00053863","ATLANTA DEKALB PEACHTREE AIRPORT, GA US","2018-01-29","11.41"," 1659","0.02",,,,"57","39","  330","  330",,,"25.1","31.1",,,,,
"USW00053863","ATLANTA DEKALB PEACHTREE AIRPORT, GA US","2018-01-30","10.96"," 0406","0.00",,,,"45","29","  330","  330",,,"23.0","32.0",,,,,
"USW00053863","ATLANTA DEKALB PEACHTREE AIRPORT, GA US","2018-01-31","4.70"," 1312","0.00",,,,"54","25","  170","  220",,,"13.0","19.0",,,,,
"US1GADK0033","DECATUR 1.2 NE, GA US","2018-01-01",,,"0.00",,,,,,,,,,,,,,,,
"US1GADK0033","DECATUR 1.2 NE, GA US","2018-01-02",,,"0.00","0.0",,,,,,,,,,,,,,,
"US1GADK0033","DECATUR 1.2 NE, GA US","2018-01-03",,,"0.00","0.0",,,,,,,,,,,,,,,
"US1GADK0033","DECATUR 1.2 NE, GA US","2018-01-04",,,"0.00","0.0",,,,,,,,,,,,,,,
"US1GADK0033","DECATUR 1.2 NE, GA US","2018-01-05",,,"0.00","0.0",,,,,,,,,,,,,,,
"US1GADK0033","DECATUR 1.2 NE, GA US","2018-01-06",,,"0.00","0.0",,,,,,,,,,,,,,,
"US1GADK0033","DECATUR 1.2 NE, GA US","2018-01-07",,,"0.00","0.0",,,,,,,,,,,,,,,
"US1GADK0033","DECATUR 1.2 NE, GA US","2018-01-08",,,"0.00","0.0",,,,,,,,,,,,,,,
"US1GADK0033","DECATUR 1.2 NE, GA US","2018-01-09",,,"0.17",,,,,,,,,,,,,,,,
"US1GADK0033","DECATUR 1.2 NE, GA US","2018-01-10",,,"0.00","0.0",,,,,,,,,,,,,,,
"US1GADK0033","DECATUR 1.2 NE, GA US","2018-01-11",,,"0.07",,,,,,,,,,,,,,,,
"US1GADK0033","DECATUR 1.2 NE, GA US","2018-01-12",,,"0.24",,,,,,,,,,,,,,,,
"US1GADK0033","DECATUR 1.2 NE, GA US","2018-01-13",,,"0.55",,,,,,,,,,,,,,,,
"US1GADK0033","DECATUR 1.2 NE, GA US","2018-01-14",,,"0.00",,,,,,,,,,,,,,,,
"US1GADK0033","DECATUR 1.2 NE, GA US","2018-01-15",,,"0.00","0.0",,,,,,,,,,,,,,,
"US1GADK0033","DECATUR 1.2 NE, GA US","2018-01-16",,,"0.00","0.0",,,,,,,,,,,,,,,
"US1GADK0033","DECATUR 1.2 NE, GA US","2018-01-17",,,"0.14","2.0","2.0",,,,,,"0.1","0.1",,,,,,,
"US1GADK0033","DECATUR 1.2 NE, GA US","2018-01-18",,,"0.00","0.0",,,,,,,,,,,,,,,
"US1GADK0033","DECATUR 1.2 NE, GA US","2018-01-19",,,"0.00","0.0",,,,,,,,,,,,,,,
"US1GADK0033","DECATUR 1.2 NE, GA US","2018-01-20",,,"0.00","0.0",,,,,,,,,,,,,,,
"US1GADK0033","DECATUR 1.2 NE, GA US","2018-01-21",,,"0.00","0.0",,,,,,,,,,,,,,,
"US1GADK0033","DECATUR 1.2 NE, GA US","2018-01-22",,,"0.00","0.0",,,,,,,,,,,,,,,
"US1GADK0033","DECATUR 1.2 NE, GA US","2018-01-23",,,"0.78",,,,,,,,,,,,,,,,
"US1GADK0033","DECATUR 1.2 NE, GA US","2018-01-24",,,"0.00","0.0",,,,,,,,,,,,,,,
"US1GADK0033","DECATUR 1.2 NE, GA US","2018-01-25",,,"0.00","0.0",,,,,,,,,,,,,,,
"US1GADK0033","DECATUR 1.2 NE, GA US","2018-01-26",,,"0.00","0.0",,,,,,,,,,,,,,,
"US1GADK0033","DECATUR 1.2 NE, GA US","2018-01-27",,,"0.00","0.0",,,,,,,,,,,,,,,
"US1GADK0033","DECATUR 1.2 NE, GA US","2018-01-28",,,"0.41",,,,,,,,,,,,,,,,
"US1GADK0033","DECATUR 1.2 NE, GA US","2018-01-29",,,"1.23",,,,,,,,,,,,,,,,
"US1GADK0033","DECATUR 1.2 NE, GA US","2018-01-30",,,"0.00","0.0",,,,,,,,,,,,,,,
"US1GADK0033","DECATUR 1.2 NE, GA US","2018-01-31",,,"0.00","0.0",,,,,,,,,,,,,,,
"US1GADK0032","DECATUR 1.4 N, GA US","2018-01-02",,,"0.00","0.0",,,,,,,,,,,,,,,
"US1GADK0032","DECATUR 1.4 N, GA US","2018-01-03",,,"0.00","0.0",,,,,,,,,,,,,,,
"US1GADK0032","DECATUR 1.4 N, GA US","2018-01-04",,,"0.00","0.0",,,,,,,,,,,,,,,
"US1GADK0032","DECATUR 1.4 N, GA US","2018-01-05",,,"0.00","0.0",,,,,,,,,,,,,,,
"US1GADK0032","DECATUR 1.4 N, GA US","2018-01-06",,,"0.00","0.0",,,,,,,,,,,,,,,
"US1GADK0032","DECATUR 1.4 N, GA US","2018-01-07",,,"0.00","0.0",,,,,,,,,,,,,,,
"US1GADK0032","DECATUR 1.4 N, GA US","2018-01-15",,,"0.00","0.0",,,,,,,,,,,,,,,
"US1GADK0032","DECATUR 1.4 N, GA US","2018-01-24",,,"0.00","0.0",,,,,,,,,,,,,,,
"US1GADK0032","DECATUR 1.4 N, GA US","2018-01-25",,,"0.00","0.0",,,,,,,,,,,,,,,
"US1GADK0032","DECATUR 1.4 N, GA US","2018-01-26",,,"0.00","0.0",,,,,,,,,,,,,,,
"US1GADK0032","DECATUR 1.4 N, GA US","2018-01-27",,,"0.00","0.0",,,,,,,,,,,,,,,
"US1GADK0032","DECATUR 1.4 N, GA US","2018-01-28",,,"1.45",,,,,,,,,,,,,,,,
"US1GAGW0043","PEACHTREE CORNERS 1.1 N, GA US","2018-01-09",,,"0.19",,,,,,,,,,,,,,,,
"US1GAGW0043","PEACHTREE CORNERS 1.1 N, GA US","2018-01-11",,,"0.04",,,,,,,,,,,,,,,,
"US1GAGW0043","PEACHTREE CORNERS 1.1 N, GA US","2018-01-12",,,"0.26",,,,,,,,,,,,,,,,
"US1GAGW0043","PEACHTREE CORNERS 1.1 N, GA US","2018-01-23",,,"0.40",,,,,,,,,,,,,,,,
"US1GAGW0043","PEACHTREE CORNERS 1.1 N, GA US","2018-01-28",,,"0.39",,,,,,,,,,,,,,,,
"US1GAGW0043","PEACHTREE CORNERS 1.1 N, GA US","2018-01-29",,,"0.74",,,,,,,,,,,,,,,,
"USW00003888","ATLANTA FULTON CO AIRPORT, GA US","2018-01-01","8.72",,"0.00","0.0","0.0",,"29","17","  330","  320",,,"16.1","21.9",,,,,
"USW00003888","ATLANTA FULTON CO AIRPORT, GA US","2018-01-02","1.34",,"0.00",,"0.0",,"36","12","   40","  360",,,"8.1","11.0",,,,,
"USW00003888","ATLANTA FULTON CO AIRPORT, GA US","2018-01-03","4.25",,"0.00","0.0","0.0",,"39","24","  310","  320",,,"14.1","19.9",,,,,
"USW00003888","ATLANTA FULTON CO AIRPORT, GA US","2018-01-04","12.30",,"0.00",,"0.0",,"35","20","  320","  310",,,"23.0","31.1",,,,,
"USW00003888","ATLANTA FULTON CO AIRPORT, GA US","2018-01-05","7.16",,"0.00","0.0","0.0",,"38","16","  290","  290",,,"17.0","23.0",,,,,
"USW00003888","ATLANTA FULTON CO AIRPORT, GA US","2018-01-06","4.47",,"0.00","0.0","0.0",,"39","20","  320","  320",,,"16.1","21.0",,,,,
"USW00003888","ATLANTA FULTON CO AIRPORT, GA US","2018-01-07","5.59",,"0.00","0.0","0.0",,"40","17","   90","   90",,,"13.0","18.1",,,,,
"USW00003888","ATLANTA FULTON CO AIRPORT, GA US","2018-01-08","5.14",,"0.15","0.0","0.0",,"41","32","   60","   80",,,"10.1","16.1","    1",,,,
"USW00003888","ATLANTA FULTON CO AIRPORT, GA US","2018-01-09","3.36",,"0.00","0.0","0.0",,"65","35","   60","   70",,,"10.1","14.1","    1",,,,
"USW00003888","ATLANTA FULTON CO AIRPORT, GA US","2018-01-10","6.71",,"0.00","0.0","0.0",,"66","47","  130","  120",,,"15.0","21.0","    1",,,,
"USW00003888","ATLANTA FULTON CO AIRPORT, GA US","2018-01-11","6.04",,"0.03","0.0","0.0",,"60","52","   60","   60",,,"13.0","19.0","    1","    1",,,
"USW00003888","ATLANTA FULTON CO AIRPORT, GA US","2018-01-12","10.07",,"0.70","0.0","0.0",,"63","28","  290","  290",,,"23.0","32.0","    1",,,,
"USW00003888","ATLANTA FULTON CO AIRPORT, GA US","2018-01-13","13.65",,"0.00","0.0","0.0",,"36","23","  310","  300",,,"23.0","33.1",,,,,
"USW00003888","ATLANTA FULTON CO AIRPORT, GA US","2018-01-14","3.80",,"0.00","0.0","0.0",,"41","17","  330","  320",,,"13.0","18.1",,,,,
"USW00003888","ATLANTA FULTON CO AIRPORT, GA US","2018-01-15","2.01",,"0.00","0.0","0.0",,"48","24","  180","  140",,,"8.9","13.0",,,,,
"USW00003888","ATLANTA FULTON CO AIRPORT, GA US","2018-01-16","4.70",,"0.00",,"0.0",,"51","24","  300","  300",,,"17.0","21.0","    1",,,,
"USW00003888","ATLANTA FULTON CO AIRPORT, GA US","2018-01-17","12.30",,"0.03",,"0.0",,"26","14","  330","  300",,,"23.0","33.1","    1",,,,
"USW00003888","ATLANTA FULTON CO AIRPORT, GA US","2018-01-18","7.38",,"0.00","0.0",,,"41","15","  310","  310",,,"15.0","23.0",,,,,
"USW00003888","ATLANTA FULTON CO AIRPORT, GA US","2018-01-19","2.01",,"0.00","0.0","0.0",,"54","25","  280","  280",,,"13.0","17.0",,,,,
"USW00003888","ATLANTA FULTON CO AIRPORT, GA US","2018-01-20","1.79",,"0.00","0.0","0.0",,"63","25","  320","  330",,,"12.1","16.1",,,,,
"USW00003888","ATLANTA FULTON CO AIRPORT, GA US","2018-01-21","1.12",,"0.00","0.0","0.0",,"69","31","  180","  160",,,"8.9","13.0",,,,,
"USW00003888","ATLANTA FULTON CO AIRPORT, GA US","2018-01-22","4.70",,"0.28","0.0","0.0",,"62","39","  200","  210",,,"15.0","21.0","    1",,,,
"USW00003888","ATLANTA FULTON CO AIRPORT, GA US","2018-01-23","9.17"," 1039","0.00",,,,"62","40","  300","  300",,,"19.9","27.1",,,,,
"USW00003888","ATLANTA FULTON CO AIRPORT, GA US","2018-01-24","7.16"," 1451","0.00",,,,"54","32","  300","  290",,,"21.0","28.0",,,,,
"USW00003888","ATLANTA FULTON CO AIRPORT, GA US","2018-01-25","1.34"," 1333","0.00",,,,"59","29","   20","  330",,,"10.1","14.1",,,,,
"USW00003888","ATLANTA FULTON CO AIRPORT, GA US","2018-01-26","4.70"," 1445","0.00",,,,"58","28","  160","  150",,,"15.0","19.9",,,,,
"USW00003888","ATLANTA FULTON CO AIRPORT, GA US","2018-01-27","3.80"," 0321","0.16",,,,"57","48","  160","   70",,,"10.1","15.0",,,,,
"USW00003888","ATLANTA FULTON CO AIRPORT, GA US","2018-01-28","2.91"," 1158","0.97",,,,"55","52","   30","   40",,,"8.1","10.1",,,,,
"USW00003888","ATLANTA FULTON CO AIRPORT, GA US","2018-01-29","9.40"," 1558","0.00",,,,"57","41","  320","  350",,,"21.9","33.1",,,,,
"USW00003888","ATLANTA FULTON CO AIRPORT, GA US","2018-01-30","8.28"," 0447","0.00",,,,"45","29","  340","  350",,,"21.0","29.1",,,,,
"USW00003888","ATLANTA FULTON CO AIRPORT, GA US","2018-01-31","3.36"," 1701","0.00",,,,"56","24","  170","  180",,,"13.0","19.0",,,,,
"US1GADK0013","DECATUR 1.2 SE, GA US","2018-01-01",,,"0.00",,,,,,,,,,,,,,,,
"US1GADK0013","DECATUR 1.2 SE, GA US","2018-01-02",,,"0.00","0.0",,,,,,,,,,,,,,,
"US1GADK0013","DECATUR 1.2 SE, GA US","2018-01-03",,,"0.00","0.0",,,,,,,,,,,,,,,
"US1GADK0013","DECATUR 1.2 SE, GA US","2018-01-04",,,"0.00","0.0",,,,,,,,,,,,,,,
"US1GADK0013","DECATUR 1.2 SE, GA US","2018-01-05",,,"0.00","0.0",,,,,,,,,,,,,,,
"US1GADK0013","DECATUR 1.2 SE, GA US","2018-01-06",,,"0.00","0.0",,,,,,,,,,,,,,,
"US1GADK0013","DECATUR 1.2 SE, GA US","2018-01-07",,,"0.00","0.0",,,,,,,,,,,,,,,
"US1GADK0013","DECATUR 1.2 SE, GA US","2018-01-08",,,"0.00","0.0",,,,,,,,,,,,,,,
"US1GADK0013","DECATUR 1.2 SE, GA US","2018-01-09",,,"0.14",,,,,,,,,,,,,,,,
"US1GADK0013","DECATUR 1.2 SE, GA US","2018-01-10",,,"0.00",,,,,,,,,,,,,,,,
"US1GADK0013","DECATUR 1.2 SE, GA US","2018-01-11",,,"0.05",,,,,,,,,,,,,,,,
"US1GADK0013","DECATUR 1.2 SE, GA US","2018-01-12",,,"0.17",,,,,,,,,,,,,,,,
"US1GADK0013","DECATUR 1.2 SE, GA US","2018-01-13",,,"0.56",,,,,,,,,,,,,,,,
"US1GADK0013","DECATUR 1.2 SE, GA US","2018-01-14",,,"0.00","0.0",,,,,,,,,,,,,,,
"US1GADK0013","DECATUR 1.2 SE, GA US","2018-01-15",,,"0.00","0.0",,,,,,,,,,,,,,,
"US1GADK0013","DECATUR 1.2 SE, GA US","2018-01-16",,,"0.00","0.0",,,,,,,,,,,,,,,
"US1GADK0013","DECATUR 1.2 SE, GA US","2018-01-17",,,"0.13","1.6","1.5",,,,,,,"0.1",,,,,,,
"US1GADK0013","DECATUR 1.2 SE, GA US","2018-01-18",,,"0.00","0.0","1.5",,,,,,,,,,,,,,
"US1GADK0013","DECATUR 1.2 SE, GA US","2018-01-19",,,"0.00","0.0","0.5",,,,,,,,,,,,,,
"US1GADK0013","DECATUR 1.2 SE, GA US","2018-01-20",,,"0.00","0.0","0.0",,,,,,,,,,,,,,
"US1GADK0013","DECATUR 1.2 SE, GA US","2018-01-21",,,"0.00","0.0",,,,,,,,,,,,,,,
"US1GADK0013","DECATUR 1.2 SE, GA US","2018-01-22",,,"0.00","0.0",,,,,,,,,,,,,,,
"US1GADK0013","DECATUR 1.2 SE, GA US","2018-01-23",,,"0.73",,,,,,,,,,,,,,,,
"US1GADK0013","DECATUR 1.2 SE, GA US","2018-01-24",,,"0.00","0.0",,,,,,,,,,,,,,,
"US1GADK0013","DECATUR 1.2 SE, GA US","2018-01-25",,,"0.00","0.0",,,,,,,,,,,,,,,
"US1GADK0013","DECATUR 1.2 SE, GA US","2018-01-26",,,"0.00","0.0",,,,,,,,,,,,,,,
"US1GADK0013","DECATUR 1.2 SE, GA US","2018-01-27",,,"0.00","0.0",,,,,,,,,,,,,,,
"US1GADK0013","DECATUR 1.2 SE, GA US","2018-01-28",,,"0.34",,,,,,,,,,,,,,,,
"US1GADK0013","DECATUR 1.2 SE, GA US","2018-01-29",,,"1.17",,,,,,,,,,,,,,,,
"US1GADK0035","ATLANTA 6.0 NE, GA US","2018-01-01",,,"0.00",,,,,,,,,,,,,,,,
"US1GADK0035","ATLANTA 6.0 NE, GA US","2018-01-02",,,"0.00",,,,,,,,,,,,,,,,
"US1GADK0035","ATLANTA 6.0 NE, GA US","2018-01-03",,,"0.00",,,,,,,,,,,,,,,,
"US1GADK0035","ATLANTA 6.0 NE, GA US","2018-01-04",,,"0.00","0.0",,,,,,,,,,,,,,,
"US1GADK0035","ATLANTA 6.0 NE, GA US","2018-01-14",,,"0.00",,,,,,,,,,,,,,,,
"US1GADK0035","ATLANTA 6.0 NE, GA US","2018-01-15",,,"0.00","0.0",,,,,,,,,,,,,,,
"US1GADK0035","ATLANTA 6.0 NE, GA US","2018-01-16",,,"0.00","0.0",,,,,,,,,,,,,,,
"US1GADK0035","ATLANTA 6.0 NE, GA US","2018-01-17",,,"0.12","1.2",,,,,,,,"0.1",,,,,,,
"US1GADK0035","ATLANTA 6.0 NE, GA US","2018-01-18",,,"0.00","0.0","1.0",,,,,,,,,,,,,,
"US1GADK0035","ATLANTA 6.0 NE, GA US","2018-01-19",,,"0.00","0.0",,,,,,,,,,,,,,,
"US1GADK0035","ATLANTA 6.0 NE, GA US","2018-01-20",,,"0.00","0.0",,,,,,,,,,,,,,,
"US1GADK0035","ATLANTA 6.0 NE, GA US","2018-01-21",,,"0.00","0.0",,,,,,,,,,,,,,,
"US1GADK0035","ATLANTA 6.0 NE, GA US","2018-01-22",,,"0.00","0.0",,,,,,,,,,,,,,,
"US1GADK0035","ATLANTA 6.0 NE, GA US","2018-01-23",,,"0.46",,,,,,,,,,,,,,,,
"US1GADK0035","ATLANTA 6.0 NE, GA US","2018-01-24",,,"0.00","0.0",,,,,,,,,,,,,,,
"US1GADK0035","ATLANTA 6.0 NE, GA US","2018-01-25",,,"0.00","0.0",,,,,,,,,,,,,,,
"US1GADK0035","ATLANTA 6.0 NE, GA US","2018-01-26",,,"0.00","0.0",,,,,,,,,,,,,,,
"US1GADK0035","ATLANTA 6.0 NE, GA US","2018-01-27",,,"0.00","0.0",,,,,,,,,,,,,,,
"US1GADK0035","ATLANTA 6.0 NE, GA US","2018-01-28",,,"0.59",,,,,,,,,,,,,,,,
"US1GADK0035","ATLANTA 6.0 NE, GA US","2018-01-29",,,"0.75",,,,,,,,,,,,,,,,
"US1GADK0035","ATLANTA 6.0 NE, GA US","2018-01-30",,,"0.00",,,,,,,,,,,,,,,,
"US1GADK0035","ATLANTA 6.0 NE, GA US","2018-01-31",,,"0.00","0.0",,,,,,,,,,,,,,,
"US1GADK0036","DUNWOODY 1.2 SW, GA US","2018-01-01",,,"0.00","0.0",,,,,,,,,,,,,,,
"US1GADK0036","DUNWOODY 1.2 SW, GA US","2018-01-02",,,"0.00","0.0",,,,,,,,,,,,,,,
"US1GADK0036","DUNWOODY 1.2 SW, GA US","2018-01-03",,,"0.00","0.0",,,,,,,,,,,,,,,
"US1GADK0036","DUNWOODY 1.2 SW, GA US","2018-01-04",,,"0.00","0.0",,,,,,,,,,,,,,,
"US1GADK0036","DUNWOODY 1.2 SW, GA US","2018-01-05",,,"0.00","0.0",,,,,,,,,,,,,,,
"US1GADK0036","DUNWOODY 1.2 SW, GA US","2018-01-06",,,"0.00","0.0",,,,,,,,,,,,,,,
"US1GADK0036","DUNWOODY 1.2 SW, GA US","2018-01-07",,,"0.00","0.0",,,,,,,,,,,,,,,
"US1GADK0036","DUNWOODY 1.2 SW, GA US","2018-01-08",,,"0.00","0.0",,,,,,,,,,,,,,,
"US1GADK0036","DUNWOODY 1.2 SW, GA US","2018-01-09",,,"0.18",,,,,,,,,,,,,,,,
"US1GADK0036","DUNWOODY 1.2 SW, GA US","2018-01-10",,,"0.00","0.0",,,,,,,,,,,,,,,
"US1GADK0036","DUNWOODY 1.2 SW, GA US","2018-01-11",,,"0.08",,,,,,,,,,,,,,,,
"US1GADK0036","DUNWOODY 1.2 SW, GA US","2018-01-12",,,"0.22",,,,,,,,,,,,,,,,
"US1GADK0036","DUNWOODY 1.2 SW, GA US","2018-01-13",,,"0.61",,,,,,,,,,,,,,,,
"US1GADK0036","DUNWOODY 1.2 SW, GA US","2018-01-14",,,"0.00","0.0",,,,,,,,,,,,,,,
"US1GADK0036","DUNWOODY 1.2 SW, GA US","2018-01-15",,,"0.00","0.0",,,,,,,,,,,,,,,
"US1GADK0036","DUNWOODY 1.2 SW, GA US","2018-01-16",,,"0.00","0.0",,,,,,,,,,,,,,,
"US1GADK0036","DUNWOODY 1.2 SW, GA US","2018-01-17",,,"0.16","1.7",,,,,,,,,,,,,,,
"US1GADK0036","DUNWOODY 1.2 SW, GA US","2018-01-18",,,"0.00","0.0",,,,,,,,,,,,,,,
"US1GADK0036","DUNWOODY 1.2 SW, GA US","2018-01-19",,,"0.00","0.0",,,,,,,,,,,,,,,
"US1GADK0036","DUNWOODY 1.2 SW, GA US","2018-01-20",,,"0.00","0.0",,,,,,,,,,,,,,,
"US1GADK0036","DUNWOODY 1.2 SW, GA US","2018-01-21",,,"0.00","0.0",,,,,,,,,,,,,,,
"US1GADK0036","DUNWOODY 1.2 SW, GA US","2018-01-22",,,"0.00","0.0",,,,,,,,,,,,,,,
"US1GADK0036","DUNWOODY 1.2 SW, GA US","2018-01-23",,,"0.29",,,,,,,,,,,,,,,,
"US1GADK0036","DUNWOODY 1.2 SW, GA US","2018-01-24",,,"0.00","0.0",,,,,,,,,,,,,,,
"US1GADK0036","DUNWOODY 1.2 SW, GA US","2018-01-25",,,"0.00","0.0",,,,,,,,,,,,,,,
"US1GADK0036","DUNWOODY 1.2 SW, GA US","2018-01-26",,,"0.00","0.0",,,,,,,,,,,,,,,
"US1GADK0036","DUNWOODY 1.2 SW, GA US","2018-01-27",,,"0.00","0.0",,,,,,,,,,,,,,,
"US1GADK0036","DUNWOODY 1.2 SW, GA US","2018-01-28",,,"0.37",,,,,,,,,,,,,,,,
"US1GADK0036","DUNWOODY 1.2 SW, GA US","2018-01-29",,,"0.86",,,,,,,,,,,,,,,,
"US1GADK0036","DUNWOODY 1.2 SW, GA US","2018-01-30",,,"0.00","0.0",,,,,,,,,,,,,,,
"US1GADK0036","DUNWOODY 1.2 SW, GA US","2018-01-31",,,"0.00","0.0",,,,,,,,,,,,,,,
"US1GAFT0048","ROSWELL 5.9 SE, GA US","2018-01-04",,,"0.00",,,,,,,,,,,,,,,,
"US1GAFT0048","ROSWELL 5.9 SE, GA US","2018-01-05",,,"0.00",,,,,,,,,,,,,,,,
"US1GAFT0048","ROSWELL 5.9 SE, GA US","2018-01-06",,,"0.00",,,,,,,,,,,,,,,,
"US1GAFT0048","ROSWELL 5.9 SE, GA US","2018-01-07",,,"0.00",,,,,,,,,,,,,,,,
"US1GAFT0048","ROSWELL 5.9 SE, GA US","2018-01-08",,,"0.00",,,,,,,,,,,,,,,,
"US1GAFT0048","ROSWELL 5.9 SE, GA US","2018-01-09",,,"0.18",,,,,,,,,,,,,,,,
"US1GAFT0048","ROSWELL 5.9 SE, GA US","2018-01-10",,,"0.00",,,,,,,,,,,,,,,,
"US1GAFT0048","ROSWELL 5.9 SE, GA US","2018-01-11",,,"0.07",,,,,,,,,,,,,,,,
"US1GAFT0048","ROSWELL 5.9 SE, GA US","2018-01-12",,,"0.34",,,,,,,,,,,,,,,,
"US1GAFT0048","ROSWELL 5.9 SE, GA US","2018-01-13",,,"0.38",,,,,,,,,,,,,,,,
"US1GAFT0048","ROSWELL 5.9 SE, GA US","2018-01-16",,,"0.00",,,,,,,,,,,,,,,,
"US1GAFT0048","ROSWELL 5.9 SE, GA US","2018-01-17",,,"0.11","1.3",,,,,,,,,,,,,,,
"US1GAFT0048","ROSWELL 5.9 SE, GA US","2018-01-18",,,"0.00",,,,,,,,,,,,,,,,
"US1GAFT0048","ROSWELL 5.9 SE, GA US","2018-01-19",,,"0.00",,,,,,,,,,,,,,,,
"US1GAFT0048","ROSWELL 5.9 SE, GA US","2018-01-21",,,"0.00",,,,,,,,,,,,,,,,
"US1GAFT0048","ROSWELL 5.9 SE, GA US","2018-01-22",,,"0.00",,,,,,,,,,,,,,,,
"US1GAFT0048","ROSWELL 5.9 SE, GA US","2018-01-23",,,"0.32",,,,,,,,,,,,,,,,
"US1GAFT0048","ROSWELL 5.9 SE, GA US","2018-01-24",,,"0.00",,,,,,,,,,,,,,,,
"US1GAFT0048","ROSWELL 5.9 SE, GA US","2018-01-25",,,"0.00",,,,,,,,,,,,,,,,
"US1GAFT0048","ROSWELL 5.9 SE, GA US","2018-01-26",,,"0.00",,,,,,,,,,,,,,,,
"US1GAFT0048","ROSWELL 5.9 SE, GA US","2018-01-27",,,"0.00",,,,,,,,,,,,,,,,
"US1GAFT0048","ROSWELL 5.9 SE, GA US","2018-01-28",,,"0.34",,,,,,,,,,,,,,,,
"US1GAFT0048","ROSWELL 5.9 SE, GA US","2018-01-29",,,"0.79",,,,,,,,,,,,,,,,
"US1GAFT0048","ROSWELL 5.9 SE, GA US","2018-01-30",,,"0.00",,,,,,,,,,,,,,,,
"US1GAFT0048","ROSWELL 5.9 SE, GA US","2018-01-31",,,"0.00",,,,,,,,,,,,,,,,
"US1GACB0004","SANDY SPRINGS 3.2 WNW, GA US","2018-01-09",,,"0.19",,,,,,,,,,,,,,,,
"US1GACB0004","SANDY SPRINGS 3.2 WNW, GA US","2018-01-11",,,"0.05",,,,,,,,,,,,,,,,
"US1GACB0004","SANDY SPRINGS 3.2 WNW, GA US","2018-01-13",,,"0.82",,,,,,,,,,,,,,,,
"US1GACB0004","SANDY SPRINGS 3.2 WNW, GA US","2018-01-17",,,"0.12","1.2","1.2",,,,,,,,,,,,,,
"US1GACB0004","SANDY SPRINGS 3.2 WNW, GA US","2018-01-23",,,"0.29",,,,,,,,,,,,,,,,
"US1GACB0004","SANDY SPRINGS 3.2 WNW, GA US","2018-01-28",,,"0.35",,,,,,,,,,,,,,,,
"US1GACB0004","SANDY SPRINGS 3.2 WNW, GA US","2018-01-29",,,"0.87",,,,,,,,,,,,,,,,
"US1GACB0002","SMYRNA 2.3 NE, GA US","2018-01-01",,,"0.00","0.0",,,,,,,,,,,,,,,
"US1GACB0002","SMYRNA 2.3 NE, GA US","2018-01-02",,,"0.00","0.0",,,,,,,,,,,,,,,
"US1GACB0002","SMYRNA 2.3 NE, GA US","2018-01-03",,,"0.00","0.0",,,,,,,,,,,,,,,
"US1GACB0002","SMYRNA 2.3 NE, GA US","2018-01-04",,,"0.00","0.0",,,,,,,,,,,,,,,
"US1GACB0002","SMYRNA 2.3 NE, GA US","2018-01-05",,,"0.00","0.0",,,,,,,,,,,,,,,
"US1GACB0002","SMYRNA 2.3 NE, GA US","2018-01-06",,,"0.00","0.0",,,,,,,,,,,,,,,
"US1GACB0002","SMYRNA 2.3 NE, GA US","2018-01-07",,,"0.00","0.0",,,,,,,,,,,,,,,
"US1GACB0002","SMYRNA 2.3 NE, GA US","2018-01-08",,,"0.00","0.0",,,,,,,,,,,,,,,
"US1GACB0002","SMYRNA 2.3 NE, GA US","2018-01-09",,,"0.20",,,,,,,,,,,,,,,,
"US1GACB0002","SMYRNA 2.3 NE, GA US","2018-01-10",,,"0.00",,,,,,,,,,,,,,,,
"US1GACB0002","SMYRNA 2.3 NE, GA US","2018-01-11",,,"0.07",,,,,,,,,,,,,,,,
"US1GACB0002","SMYRNA 2.3 NE, GA US","2018-01-12",,,"0.20",,,,,,,,,,,,,,,,
"US1GACB0002","SMYRNA 2.3 NE, GA US","2018-01-13",,,"0.53",,,,,,,,,,,,,,,,
"US1GACB0002","SMYRNA 2.3 NE, GA US","2018-01-14",,,"0.00","0.0",,,,,,,,,,,,,,,
"US1GACB0002","SMYRNA 2.3 NE, GA US","2018-01-15",,,"0.00","0.0",,,,,,,,,,,,,,,
"US1GACB0002","SMYRNA 2.3 NE, GA US","2018-01-16",,,"0.00","0.0",,,,,,,,,,,,,,,
"US1GACB0002","SMYRNA 2.3 NE, GA US","2018-01-17",,,"0.00",,"0.2",,,,,,,,,,,,,,
"US1GACB0002","SMYRNA 2.3 NE, GA US","2018-01-18",,,"0.00","0.0",,,,,,,,,,,,,,,
"US1GACB0002","SMYRNA 2.3 NE, GA US","2018-01-19",,,"0.00","0.0",,,,,,,,,,,,,,,
"US1GACB0002","SMYRNA 2.3 NE, GA US","2018-01-20",,,"0.00",,,,,,,,,,,,,,,,
"US1GACB0002","SMYRNA 2.3 NE, GA US","2018-01-21",,,"0.00",,,,,,,,,,,,,,,,
"US1GACB0002","SMYRNA 2.3 NE, GA US","2018-01-22",,,"0.00","0.0",,,,,,,,,,,,,,,
"US1GACB0002","SMYRNA 2.3 NE, GA US","2018-01-23",,,"0.23",,,,,,,,,,,,,,,,
"US1GACB0002","SMYRNA 2.3 NE, GA US","2018-01-24",,,"0.00","0.0",,,,,,,,,,,,,,,
"US1GACB0002","SMYRNA 2.3 NE, GA US","2018-01-25",,,"0.00","0.0",,,,,,,,,,,,,,,
"US1GACB0002","SMYRNA 2.3 NE, GA US","2018-01-26",,,"0.00","0.0",,,,,,,,,,,,,,,
"US1GACB0002","SMYRNA 2.3 NE, GA US","2018-01-27",,,"0.00","0.0",,,,,,,,,,,,,,,
"US1GACB0002","SMYRNA 2.3 NE, GA US","2018-01-28",,,"0.35",,,,,,,,,,,,,,,,
"US1GACB0002","SMYRNA 2.3 NE, GA US","2018-01-29",,,"0.77",,,,,,,,,,,,,,,,
"US1GACB0002","SMYRNA 2.3 NE, GA US","2018-01-30",,,"0.00","0.0",,,,,,,,,,,,,,,
"US1GACB0002","SMYRNA 2.3 NE, GA US","2018-01-31",,,"0.00","0.0",,,,,,,,,,,,,,,
"US1GACN0008","MORROW 1.3 N, GA US","2018-01-01",,,"0.00",,,,,,,,,,,,,,,,
"US1GACN0008","MORROW 1.3 N, GA US","2018-01-02",,,"0.00","0.0",,,,,,,,,,,,,,,
"US1GACN0008","MORROW 1.3 N, GA US","2018-01-03",,,"0.00","0.0",,,,,,,,,,,,,,,
"US1GACN0008","MORROW 1.3 N, GA US","2018-01-04",,,"0.00","0.0",,,,,,,,,,,,,,,
"US1GACN0008","MORROW 1.3 N, GA US","2018-01-05",,,"0.00","0.0",,,,,,,,,,,,,,,
"US1GACN0008","MORROW 1.3 N, GA US","2018-01-06",,,"0.00","0.0",,,,,,,,,,,,,,,
"US1GACN0008","MORROW 1.3 N, GA US","2018-01-07",,,"0.00","0.0",,,,,,,,,,,,,,,
"US1GACN0008","MORROW 1.3 N, GA US","2018-01-08",,,"0.00","0.0",,,,,,,,,,,,,,,
"US1GACN0008","MORROW 1.3 N, GA US","2018-01-09",,,"0.25",,,,,,,,,,,,,,,,
"US1GACN0008","MORROW 1.3 N, GA US","2018-01-10",,,"0.01",,,,,,,,,,,,,,,,
"US1GACN0008","MORROW 1.3 N, GA US","2018-01-11",,,"0.11",,,,,,,,,,,,,,,,
"US1GACN0008","MORROW 1.3 N, GA US","2018-01-12",,,"0.11",,,,,,,,,,,,,,,,
"US1GACN0008","MORROW 1.3 N, GA US","2018-01-13",,,"0.47",,,,,,,,,,,,,,,,
"US1GACN0008","MORROW 1.3 N, GA US","2018-01-14",,,"0.00","0.0",,,,,,,,,,,,,,,
"US1GACN0008","MORROW 1.3 N, GA US","2018-01-15",,,"0.00","0.0",,,,,,,,,,,,,,,
"US1GACN0008","MORROW 1.3 N, GA US","2018-01-16",,,"0.00","0.0",,,,,,,,,,,,,,,
"US1GACN0008","MORROW 1.3 N, GA US","2018-01-17",,,"0.13","1.0","1.0",,,,,,,,,,,,,,
"US1GACN0008","MORROW 1.3 N, GA US","2018-01-18",,,"0.00","0.0",,,,,,,,,,,,,,,
"US1GACN0008","MORROW 1.3 N, GA US","2018-01-19",,,"0.00","0.0",,,,,,,,,,,,,,,
"US1GACN0008","MORROW 1.3 N, GA US","2018-01-20",,,"0.00","0.0",,,,,,,,,,,,,,,
"US1GACN0008","MORROW 1.3 N, GA US","2018-01-21",,,"0.00","0.0",,,,,,,,,,,,,,,
"US1GACN0008","MORROW 1.3 N, GA US","2018-01-22",,,"0.00","0.0",,,,,,,,,,,,,,,
"US1GACN0008","MORROW 1.3 N, GA US","2018-01-23",,,"0.64",,,,,,,,,,,,,,,,
"US1GACN0008","MORROW 1.3 N, GA US","2018-01-24",,,"0.00","0.0",,,,,,,,,,,,,,,
"US1GACN0008","MORROW 1.3 N, GA US","2018-01-25",,,"0.00","0.0",,,,,,,,,,,,,,,
"US1GACN0008","MORROW 1.3 N, GA US","2018-01-26",,,"0.00","0.0",,,,,,,,,,,,,,,
"US1GACN0008","MORROW 1.3 N, GA US","2018-01-30",,,"0.00","0.0",,,,,,,,,,,,,,,
"US1GACN0008","MORROW 1.3 N, GA US","2018-01-31",,,"0.00","0.0",,,,,,,,,,,,,,,
"US1GAFT0019","EAST POINT 6.3 WNW, GA US","2018-01-01",,,"0.00",,,,,,,,,,,,,,,,
"US1GAFT0019","EAST POINT 6.3 WNW, GA US","2018-01-02",,,"0.00",,,,,,,,,,,,,,,,
"US1GAFT0019","EAST POINT 6.3 WNW, GA US","2018-01-03",,,"0.00",,,,,,,,,,,,,,,,
"US1GAFT0019","EAST POINT 6.3 WNW, GA US","2018-01-04",,,"0.00",,,,,,,,,,,,,,,,
"US1GAFT0019","EAST POINT 6.3 WNW, GA US","2018-01-05",,,"0.00",,,,,,,,,,,,,,,,
"US1GAFT0019","EAST POINT 6.3 WNW, GA US","2018-01-06",,,"0.00",,,,,,,,,,,,,,,,
"US1GAFT0019","EAST POINT 6.3 WNW, GA US","2018-01-07",,,"0.00",,,,,,,,,,,,,,,,
"US1GAFT0019","EAST POINT 6.3 WNW, GA US","2018-01-08",,,"0.00",,,,,,,,,,,,,,,,
"US1GAFT0019","EAST POINT 6.3 WNW, GA US","2018-01-09",,,"0.21",,,,,,,,,,,,,,,,
"US1GAFT0019","EAST POINT 6.3 WNW, GA US","2018-01-10",,,"0.00",,,,,,,,,,,,,,,,
"US1GAFT0019","EAST POINT 6.3 WNW, GA US","2018-01-11",,,"0.05",,,,,,,,,,,,,,,,
"US1GAFT0019","EAST POINT 6.3 WNW, GA US","2018-01-12",,,"0.09",,,,,,,,,,,,,,,,
"US1GAFT0019","EAST POINT 6.3 WNW, GA US","2018-01-13",,,"0.69",,,,,,,,,,,,,,,,
"US1GAFT0019","EAST POINT 6.3 WNW, GA US","2018-01-14",,,"0.00",,,,,,,,,,,,,,,,
"US1GAFT0019","EAST POINT 6.3 WNW, GA US","2018-01-15",,,"0.00",,,,,,,,,,,,,,,,
"US1GAFT0019","EAST POINT 6.3 WNW, GA US","2018-01-16",,,"0.00",,,,,,,,,,,,,,,,
"US1GAFT0019","EAST POINT 6.3 WNW, GA US","2018-01-17",,,"0.15","1.8","1.8",,,,,,"0.1","0.1",,,,,,,
"US1GAFT0019","EAST POINT 6.3 WNW, GA US","2018-01-18",,,"0.00",,,,,,,,,,,,,,,,
"US1GAFT0019","EAST POINT 6.3 WNW, GA US","2018-01-19",,,"0.00",,,,,,,,,,,,,,,,
"US1GAFT0019","EAST POINT 6.3 WNW, GA US","2018-01-20",,,"0.00",,,,,,,,,,,,,,,,
"US1GAFT0019","EAST POINT 6.3 WNW, GA US","2018-01-21",,,"0.00",,,,,,,,,,,,,,,,
"US1GAFT0019","EAST POINT 6.3 WNW, GA US","2018-01-22",,,"0.00",,,,,,,,,,,,,,,,
"US1GAFT0019","EAST POINT 6.3 WNW, GA US","2018-01-23",,,"0.42",,,,,,,,,,,,,,,,
"US1GAFT0019","EAST POINT 6.3 WNW, GA US","2018-01-24",,,"0.00",,,,,,,,,,,,,,,,
"US1GAFT0019","EAST POINT 6.3 WNW, GA US","2018-01-25",,,"0.00",,,,,,,,,,,,,,,,
"US1GAFT0019","EAST POINT 6.3 WNW, GA US","2018-01-26",,,"0.00",,,,,,,,,,,,,,,,
"US1GAFT0019","EAST POINT 6.3 WNW, GA US","2018-01-27",,,"0.00",,,,,,,,,,,,,,,,
"US1GAFT0019","EAST POINT 6.3 WNW, GA US","2018-01-28",,,"0.39",,,,,,,,,,,,,,,,
"US1GAFT0019","EAST POINT 6.3 WNW, GA US","2018-01-29",,,"1.07",,,,,,,,,,,,,,,,
"US1GAFT0019","EAST POINT 6.3 WNW, GA US","2018-01-30",,,"0.00",,,,,,,,,,,,,,,,
"US1GAFT0019","EAST POINT 6.3 WNW, GA US","2018-01-31",,,"0.00",,,,,,,,,,,,,,,,
"US1GADK0051","TUCKER 0.6 NNW, GA US","2018-01-01",,,"0.00","0.0","0.0",,,,,,,,,,,,,,
"US1GADK0051","TUCKER 0.6 NNW, GA US","2018-01-02",,,"0.00","0.0","0.0",,,,,,,,,,,,,,
"US1GADK0051","TUCKER 0.6 NNW, GA US","2018-01-03",,,"0.00","0.0","0.0",,,,,,,,,,,,,,
"US1GADK0051","TUCKER 0.6 NNW, GA US","2018-01-04",,,"0.00","0.0","0.0",,,,,,,,,,,,,,
"US1GADK0051","TUCKER 0.6 NNW, GA US","2018-01-05",,,"0.00","0.0","0.0",,,,,,,,,,,,,,
"US1GADK0051","TUCKER 0.6 NNW, GA US","2018-01-06",,,"0.00","0.0","0.0",,,,,,,,,,,,,,
"US1GADK0051","TUCKER 0.6 NNW, GA US","2018-01-07",,,"0.00","0.0","0.0",,,,,,,,,,,,,,
"US1GADK0051","TUCKER 0.6 NNW, GA US","2018-01-08",,,"0.00","0.0","0.0",,,,,,,,,,,,,,
"US1GADK0051","TUCKER 0.6 NNW, GA US","2018-01-09",,,"0.12","0.0","0.0",,,,,,,,,,,,,,
"US1GADK0051","TUCKER 0.6 NNW, GA US","2018-01-10",,,"0.01","0.0","0.0",,,,,,,,,,,,,,
"US1GADK0051","TUCKER 0.6 NNW, GA US","2018-01-11",,,"0.07","0.0","0.0",,,,,,,,,,,,,,
"US1GADK0051","TUCKER 0.6 NNW, GA US","2018-01-12",,,"0.29","0.0","0.0",,,,,,,,,,,,,,
"US1GADK0051","TUCKER 0.6 NNW, GA US","2018-01-13",,,"0.52","0.0","0.0",,,,,,,,,,,,,,
"US1GADK0051","TUCKER 0.6 NNW, GA US","2018-01-14",,,"0.00","0.0","0.0",,,,,,,,,,,,,,
"US1GADK0051","TUCKER 0.6 NNW, GA US","2018-01-15",,,"0.00","0.0","0.0",,,,,,,,,,,,,,
"US1GADK0051","TUCKER 0.6 NNW, GA US","2018-01-16",,,"0.00","0.0","0.0",,,,,,,,,,,,,,
"US1GADK0051","TUCKER 0.6 NNW, GA US","2018-01-17",,,"0.09","1.0","1.0",,,,,,"0.1","0.1",,,,,,,
"US1GADK0051","TUCKER 0.6 NNW, GA US","2018-01-18",,,"0.00","0.0","0.0",,,,,,,,,,,,,,
"US1GADK0051","TUCKER 0.6 NNW, GA US","2018-01-19",,,"0.00","0.0","0.0",,,,,,,,,,,,,,
"US1GADK0051","TUCKER 0.6 NNW, GA US","2018-01-20",,,"0.00","0.0","0.0",,,,,,,,,,,,,,
"US1GADK0051","TUCKER 0.6 NNW, GA US","2018-01-21",,,"0.00","0.0","0.0",,,,,,,,,,,,,,
"US1GADK0051","TUCKER 0.6 NNW, GA US","2018-01-22",,,"0.00","0.0","0.0",,,,,,,,,,,,,,
"US1GADK0051","TUCKER 0.6 NNW, GA US","2018-01-23",,,"0.53","0.0","0.0",,,,,,,,,,,,,,
"US1GADK0051","TUCKER 0.6 NNW, GA US","2018-01-24",,,"0.00","0.0","0.0",,,,,,,,,,,,,,
"US1GADK0051","TUCKER 0.6 NNW, GA US","2018-01-25",,,"0.00","0.0","0.0",,,,,,,,,,,,,,
"US1GADK0051","TUCKER 0.6 NNW, GA US","2018-01-26",,,"0.00","0.0","0.0",,,,,,,,,,,,,,
"US1GADK0051","TUCKER 0.6 NNW, GA US","2018-01-27",,,"0.00","0.0","0.0",,,,,,,,,,,,,,
"US1GADK0051","TUCKER 0.6 NNW, GA US","2018-01-28",,,"0.36","0.0","0.0",,,,,,,,,,,,,,
"US1GADK0051","TUCKER 0.6 NNW, GA US","2018-01-29",,,"0.92","0.0","0.0",,,,,,,,,,,,,,
"US1GADK0051","TUCKER 0.6 NNW, GA US","2018-01-30",,,"0.00","0.0","0.0",,,,,,,,,,,,,,
"US1GADK0051","TUCKER 0.6 NNW, GA US","2018-01-31",,,"0.00","0.0","0.0",,,,,,,,,,,,,,
"USW00013874","ATLANTA HARTSFIELD INTERNATIONAL AIRPORT, GA US","2018-01-01","13.20",,"0.00","0.0","0.0","25","29","18","  340","  350",,,"21.9","27.1",,,,,
"USW00013874","ATLANTA HARTSFIELD INTERNATIONAL AIRPORT, GA US","2018-01-02","6.04",,"0.00","0.0","0.0","22","36","13","  350","  360",,,"12.1","15.0",,,,,
"USW00013874","ATLANTA HARTSFIELD INTERNATIONAL AIRPORT, GA US","2018-01-03","7.61",,"0.00","0.0","0.0","31","39","27","  310","  330",,,"16.1","21.9",,,,,
"USW00013874","ATLANTA HARTSFIELD INTERNATIONAL AIRPORT, GA US","2018-01-04","17.45",,"0.00","0.0","0.0","29","35","20","  300","  310",,,"25.1","33.1",,,,,
"USW00013874","ATLANTA HARTSFIELD INTERNATIONAL AIRPORT, GA US","2018-01-05","10.74",,"0.00","0.0","0.0","25","39","17","  330","  340",,,"19.9","23.0",,,,,
"USW00013874","ATLANTA HARTSFIELD INTERNATIONAL AIRPORT, GA US","2018-01-06","9.17",,"0.00","0.0","0.0","29","40","21","  310","  320",,,"17.0","21.9",,,,,
"USW00013874","ATLANTA HARTSFIELD INTERNATIONAL AIRPORT, GA US","2018-01-07","9.40",,"0.00","0.0","0.0","29","40","21","  110","  100",,,"14.1","19.0",,,,,
"USW00013874","ATLANTA HARTSFIELD INTERNATIONAL AIRPORT, GA US","2018-01-08","8.72",,"0.27","0.0","0.0","35","43","31","   70","   90",,,"17.0","19.0","    1",,,,
"USW00013874","ATLANTA HARTSFIELD INTERNATIONAL AIRPORT, GA US","2018-01-09","7.38",,"0.00","0.0","0.0","46","65","36","   70","   40",,,"13.0","16.1","    1",,,,
"USW00013874","ATLANTA HARTSFIELD INTERNATIONAL AIRPORT, GA US","2018-01-10","10.07",,"0.00","0.0","0.0","58","65","53","  110","  100",,,"18.1","23.0","    1","    1",,,
"USW00013874","ATLANTA HARTSFIELD INTERNATIONAL AIRPORT, GA US","2018-01-11","8.95",,"0.06","0.0","0.0","57","60","53","   90","  100",,,"17.0","23.9","    1","    1",,,
"USW00013874","ATLANTA HARTSFIELD INTERNATIONAL AIRPORT, GA US","2018-01-12","12.75",,"0.52","0.0","0.0","58","62","28","  310","  320",,,"30.0","36.9","    1","    1",,,
"USW00013874","ATLANTA HARTSFIELD INTERNATIONAL AIRPORT, GA US","2018-01-13","19.69",,"0.00","0.0","0.0","31","37","23","  330","  320",,,"31.1","40.0",,,,,
"USW00013874","ATLANTA HARTSFIELD INTERNATIONAL AIRPORT, GA US","2018-01-14","6.71",,"0.00","0.0","0.0","27","42","18","  320","  330",,,"21.0","25.9",,,,,
"USW00013874","ATLANTA HARTSFIELD INTERNATIONAL AIRPORT, GA US","2018-01-15","4.70",,"0.00","0.0","0.0","35","49","26","   90","   30",,,"10.1","17.0",,,,,
"USW00013874","ATLANTA HARTSFIELD INTERNATIONAL AIRPORT, GA US","2018-01-16","7.61",,"0.01","0.1","0.0","40","50","27","  320","  310",,,"19.9","25.9","    1",,,,
"USW00013874","ATLANTA HARTSFIELD INTERNATIONAL AIRPORT, GA US","2018-01-17","17.90",,"0.14","2.3","2.0","23","27","14","  320","  320",,,"30.0","36.0","    1",,,,
"USW00013874","ATLANTA HARTSFIELD INTERNATIONAL AIRPORT, GA US","2018-01-18","11.41",,"0.00","0.0","2.0","24","41","15","  320","  320",,,"18.1","21.9",,,,,
"USW00013874","ATLANTA HARTSFIELD INTERNATIONAL AIRPORT, GA US","2018-01-19","6.71",,"0.00","0.0","1.2","36","55","26","  320","  330",,,"16.1","21.0",,,,,
"USW00013874","ATLANTA HARTSFIELD INTERNATIONAL AIRPORT, GA US","2018-01-20","6.49",,"0.00","0.0","0.0","45","64","33","  330","  330",,,"15.0","17.0",,,,,
"USW00013874","ATLANTA HARTSFIELD INTERNATIONAL AIRPORT, GA US","2018-01-21","3.80",,"0.00","0.0","0.0","53","69","39","  300","  290",,,"10.1","13.0",,,,,
"USW00013874","ATLANTA HARTSFIELD INTERNATIONAL AIRPORT, GA US","2018-01-22","8.28",,"0.83","0.0","0.0","54","62","47","  190","  180",,,"21.9","32.0","    1",,,,
"USW00013874","ATLANTA HARTSFIELD INTERNATIONAL AIRPORT, GA US","2018-01-23","13.65"," 0332","0.00","0.0","0.0","55","63","40","  280","  270",,,"23.0","33.1",,,,,
"USW00013874","ATLANTA HARTSFIELD INTERNATIONAL AIRPORT, GA US","2018-01-24","12.97"," 1358","0.00","0.0","0.0","43","53","35","  320","  330",,,"23.0","29.1",,,,,
"USW00013874","ATLANTA HARTSFIELD INTERNATIONAL AIRPORT, GA US","2018-01-25","5.59"," 0424","0.00","0.0","0.0","43","58","32","   10","  340",,,"12.1","21.9",,,,,
"USW00013874","ATLANTA HARTSFIELD INTERNATIONAL AIRPORT, GA US","2018-01-26","7.38"," 1308","0.00","0.0","0.0","46","58","35","  150","  160",,,"15.0","19.9",,,,,
"USW00013874","ATLANTA HARTSFIELD INTERNATIONAL AIRPORT, GA US","2018-01-27","7.83"," 0709","0.06","0.0","0.0","52","57","49","  100","  110",,,"14.1","19.0",,,,,
"USW00013874","ATLANTA HARTSFIELD INTERNATIONAL AIRPORT, GA US","2018-01-28","6.71"," 2255","1.35","0.0","0.0","55","57","53","   30","  350",,,"12.1","19.0",,,,,
"USW00013874","ATLANTA HARTSFIELD INTERNATIONAL AIRPORT, GA US","2018-01-29","13.87"," 1509","0.02","0.0","0.0","53","57","42","  340","  320",,,"28.0","36.9",,,,,
"USW00013874","ATLANTA HARTSFIELD INTERNATIONAL AIRPORT, GA US","2018-01-30","13.20"," 0307","0.00","0.0","0.0","40","46","30","  320","  320",,,"25.9","32.0",,,,,
"USW00013874","ATLANTA HARTSFIELD INTERNATIONAL AIRPORT, GA US","2018-01-31","6.49"," 1350","0.00","0.0","0.0","40","56","29","  190","  180",,,"14.1","19.9",,,,,
